Date,EW_Close_Wealth,EW_Open_Wealth
2015-01-01,1.0,1.0
2015-01-02,1.0,1.0
2015-01-05,1.0,1.0
2015-01-06,0.9763601487385504,0.988805796449101
2015-01-07,0.9785510538525812,0.9752522920812967
2015-01-08,0.9948661749775033,0.9872158122838854
2015-01-09,0.9967365591891385,1.0007845982758528
2015-01-12,0.9925416951218368,0.9929946596571216
2015-01-13,1.0016268088226588,0.9897654650562976
2015-01-14,0.9949706020817826,0.9995192259592899
2015-01-15,0.9907824267938544,0.994094331192094
2015-01-16,0.9844683703282042,0.9929132116673391
2015-01-19,0.9873148686916975,0.9898293108094
2015-01-20,0.9961325251904882,0.98807837269433
2015-01-21,1.0023117599153692,0.999062116046396
2015-01-22,1.0094629076642632,1.002049608005766
2015-01-23,1.0180771432059692,1.015324449546963
2015-01-26,1.0199767508527038,1.016256934429761
2015-01-27,1.0246628972091174,1.0241848730554877
2015-01-28,1.0221573671744737,1.0175162198267105
2015-01-29,1.0125637210359808,1.0156317437986995
2015-01-30,1.0050888762429289,1.0115503648638466
2015-02-02,1.007533112074419,1.0037112919454485
2015-02-03,1.012331240079558,1.007082913256305
2015-02-04,1.0201655656974096,1.0166843279863529
2015-02-05,1.0216996494590918,1.0182620424681181
2015-02-06,1.0161511292338492,1.019595290827161
2015-02-09,1.0137440706067806,1.0144328925607997
2015-02-10,1.010843582134708,1.0110353311156952
2015-02-11,1.0140642695716136,1.0118641693850752
2015-02-12,1.017041381792302,1.015402750871222
2015-02-13,1.0197683553993295,1.016124248242024
2015-02-16,1.0197683553993295,1.016124248242024
2015-02-17,1.0197683553993295,1.016124248242024
2015-02-18,1.0197683553993295,1.016124248242024
2015-02-19,1.0197683553993295,1.016124248242024
2015-02-20,1.0197683553993295,1.016124248242024
2015-02-23,1.0197683553993295,1.016124248242024
2015-02-24,1.0284201748746182,1.0282381355177568
2015-02-25,1.0338290574313111,1.0304462461981758
2015-02-26,1.0252496059195795,1.0305755518640742
2015-02-27,1.0252496059195795,1.0305755518640742
2015-03-02,1.0254682277761413,1.030165588462993
2015-03-03,1.0246695296239667,1.0280566267594835
2015-03-04,1.027072998781239,1.0215051965113684
2015-03-05,1.0232884447669544,1.0272257876733042
2015-03-06,1.029759743943283,1.022055235990903
2015-03-09,1.0224865252044257,1.0227886009590295
2015-03-10,1.0210922389676609,1.0213476861772892
2015-03-11,1.0166269633398046,1.0110483383425684
2015-03-12,1.0258838793589034,1.0172278179187828
2015-03-13,1.0210669441937472,1.0258414961483173
2015-03-16,1.0130635233143264,1.0201053939707976
2015-03-17,1.014985854902734,1.0170704014149468
2015-03-18,1.0259478670382147,1.0141506002059593
2015-03-19,1.0341979137374961,1.0289725337948465
2015-03-20,1.03134786347196,1.0285655472826827
2015-03-23,1.0323221049129723,1.0313139580868615
2015-03-24,1.031471684688399,1.031406796549969
2015-03-25,1.0232959763324019,1.0285407116275596
2015-03-26,1.0225907193453814,1.01329756090754
2015-03-27,1.0080253397113477,1.0174922472197407
2015-03-30,1.0086051496101065,1.0101451192515751
2015-03-31,1.0160950510508582,1.013562217067735
2015-04-01,1.0071937530157888,1.012857468481304
2015-04-02,1.016414389616814,1.0097315905238955
2015-04-03,1.016414389616814,1.0097315905238955
2015-04-06,1.016414389616814,1.0097315905238955
2015-04-07,1.0204402938041424,1.018711525415003
2015-04-08,1.0115654704988417,1.0199140697967999
2015-04-09,1.0120783286479187,1.0127489699776278
2015-04-10,1.0137595530056103,1.0162643984530946
2015-04-13,1.017919134151102,1.0134866628791064
2015-04-14,1.0167229273895035,1.0147146289410003
2015-04-15,1.0053424151505679,1.0144305714786794
2015-04-16,1.017277590857194,1.0073446731730378
2015-04-17,1.0120465968302435,1.0132357078913603
2015-04-20,1.0087789106855607,1.0066091078862858
2015-04-21,1.0098996890642546,1.0094583912296553
2015-04-22,1.0191481445747814,1.010814005056877
2015-04-23,1.043755105485294,1.021344029138664
2015-04-24,1.0508640656014856,1.0465473733001216
2015-04-27,1.0624072412452892,1.0539949757925027
2015-04-28,1.0610570244930644,1.063528610833559
2015-04-29,1.0495039754356186,1.0574456861495984
2015-04-30,1.0430751313016489,1.0485760568602056
2015-05-01,1.0430751313016489,1.0485760568602056
2015-05-04,1.0453349784931525,1.0468333189298902
2015-05-05,1.0429123731948111,1.0447748533604873
2015-05-06,1.0399782369732247,1.0349693427777114
2015-05-07,1.0242386639613614,1.033146569302426
2015-05-08,1.024445489885673,1.0256852199604274
2015-05-11,1.018599374868268,1.032011628061537
2015-05-12,1.0207093113389991,1.0148711443039415
2015-05-13,1.0239095569297034,1.0211070712103927
2015-05-14,1.0122775373950643,1.023801177512908
2015-05-15,1.011346842144449,1.0140383225287957
2015-05-18,1.0104864541301664,1.0116600036303833
2015-05-19,1.0223445672677003,1.01440480058479
2015-05-20,1.020128257281143,1.023751763431583
2015-05-21,1.006966341615807,1.0120008119906843
2015-05-22,1.0151523475208324,1.009809373703924
2015-05-25,1.0115325577492953,1.013177086327049
2015-05-26,1.0160867183380722,1.01669398923009
2015-05-27,1.0213928394713159,1.0143396607371697
2015-05-28,1.0209151231727769,1.0250033238077974
2015-05-29,1.0190717138273122,1.0219734719605869
2015-06-01,1.0103832444979934,1.0161659514415562
2015-06-02,1.0089909562752468,1.0079502792826613
2015-06-03,1.0041459323699276,1.0090293403813517
2015-06-04,0.9852883368469494,1.0000161181308276
2015-06-05,0.9834589190474464,0.9814357682808623
2015-06-08,0.9855997291909272,0.9797930730248456
2015-06-09,0.9651478130269668,0.9802351043856248
2015-06-10,0.9742091730748055,0.9690049846046297
2015-06-11,0.9715884601513145,0.977270966814286
2015-06-12,0.9703465348124272,0.9698016447087788
2015-06-15,0.9676251235887273,0.970377683666774
2015-06-16,0.9618178457133171,0.9663154886351679
2015-06-17,0.9587372731720821,0.9628412532961289
2015-06-18,0.9639542546130593,0.9602153217651122
2015-06-19,0.9639542546130593,0.9602153217651122
2015-06-22,0.9762547653457205,0.9676936643063394
2015-06-23,0.9788146275309563,0.9802882264589472
2015-06-24,0.9806678669420659,0.9785541290441634
2015-06-25,0.9874011001425714,0.9815919667390756
2015-06-26,0.9874296309096376,0.9859554676065377
2015-06-29,0.9682938850484365,0.9752044829051205
2015-06-30,0.9749504267349177,0.9626760674045587
2015-07-01,0.9832731362111142,0.9734999899774059
2015-07-02,0.9835014770236804,0.9839086194860144
2015-07-03,0.9802375291991519,0.9790595052068795
2015-07-06,0.9697416126724736,0.9708969387045487
2015-07-07,0.9710044311012188,0.9709403989558656
2015-07-08,0.9420009479855682,0.9638415826720204
2015-07-09,0.9315101315912047,0.9247647783399724
2015-07-10,0.9315101315912047,0.9299261347271537
2015-07-13,0.9442920940216011,0.9387370063478637
2015-07-14,0.9463278879994452,0.9463559480727591
2015-07-15,0.9491692459032921,0.9479382777427884
2015-07-16,0.9501550826764232,0.9483297222510216
2015-07-17,0.9480121654318379,0.9499503941023919
2015-07-20,0.9413365775834677,0.9528018132435933
2015-07-21,0.9458152419396352,0.9408880836281728
2015-07-22,0.9385485818480246,0.9387206567687448
2015-07-23,0.9281394537221409,0.9314078311864065
2015-07-24,0.9242498432238699,0.9255045083817709
2015-07-27,0.9013388651391918,0.9174328015931372
2015-07-28,0.9011319184868882,0.8983601090763158
2015-07-29,0.8962964325958702,0.8996836022203655
2015-07-30,0.906185162653317,0.8955585474209707
2015-07-31,0.9072835538081442,0.9046847025085757
2015-08-03,0.8975205651681547,0.9033862174937635
2015-08-04,0.8945644713727956,0.8962347678197642
2015-08-05,0.8999358148263586,0.8925118890597888
2015-08-06,0.8888293755433614,0.899209192035276
2015-08-07,0.8873497017637597,0.8802331973681007
2015-08-10,0.8923807500112977,0.881143877104259
2015-08-11,0.8851785867146915,0.899937871753963
2015-08-12,0.8750483946884682,0.8813828668314159
2015-08-13,0.8778166743456884,0.87447721572515
2015-08-14,0.8779057362509515,0.874553282976444
2015-08-17,0.8667957610015044,0.8756132626873572
2015-08-18,0.8600525047208657,0.8673846690586005
2015-08-19,0.8405163565656582,0.8551289773096057
2015-08-20,0.8387712661243922,0.8354566673122349
2015-08-21,0.8152239726587857,0.8233199639283011
2015-08-24,0.7826415599821173,0.8018211983842628
2015-08-25,0.8086380632131046,0.7766604673044234
2015-08-26,0.8113887834422292,0.8048342011556305
2015-08-27,0.8230650838214068,0.8177169048599688
2015-08-28,0.8473743421935696,0.8359831738619092
2015-08-31,0.8590891642461028,0.8460445011726676
2015-09-01,0.848065221373592,0.852186774166017
2015-09-02,0.845659746524945,0.836935011887791
2015-09-03,0.8523126124560548,0.8509898486396453
2015-09-04,0.8420859967929314,0.8482261173507588
2015-09-07,0.8404527404251978,0.8374677941953448
2015-09-08,0.8419702447600069,0.8398646851837737
2015-09-09,0.8715490661609107,0.8567934560071138
2015-09-10,0.8753996912763374,0.866183656218635
2015-09-11,0.8782721667391413,0.8714186829795351
2015-09-14,0.8786809894032457,0.88149452369253
2015-09-15,0.873208534848216,0.878134654181796
2015-09-16,0.8777943277995588,0.8763848643468449
2015-09-17,0.8919612302441736,0.8829039719646727
2015-09-18,0.8934471485671042,0.8910969739366786
2015-09-21,0.8761093553186682,0.8833965269811637
2015-09-22,0.8820057847363313,0.878926501191057
2015-09-23,0.863428002296761,0.8718214027344923
2015-09-24,0.8486553800217796,0.8647121592040733
2015-09-25,0.8481108196228286,0.8491473546578739
2015-09-28,0.8481108196228286,0.8491473546578739
2015-09-29,0.8481108196228286,0.8465618814109164
2015-09-30,0.8476660599296353,0.835628953702259
2015-10-01,0.859159911480967,0.8488838203281046
2015-10-02,0.8623890537723851,0.859004986730981
2015-10-05,0.869044706175741,0.8677804524364112
2015-10-06,0.8755571595981867,0.874694757088448
2015-10-07,0.8861499192707863,0.8733502168025762
2015-10-08,0.8807137500964827,0.8887135620498646
2015-10-09,0.8807137500964827,0.8887135620498646
2015-10-12,0.8989797961331996,0.8871919442683125
2015-10-13,0.8999673523195024,0.8974997542836044
2015-10-14,0.8953688824502242,0.8957248585926855
2015-10-15,0.9047495540003051,0.9011291810808568
2015-10-16,0.9066682429402028,0.9072594388296709
2015-10-19,0.9087331244739544,0.9079608105394141
2015-10-20,0.9094646733897849,0.9089529326061422
2015-10-21,0.9019318569153205,0.9097876780000922
2015-10-22,0.9036138314235095,0.8998690316614789
2015-10-23,0.9100510201802858,0.9149426212427622
2015-10-26,0.9211081824984317,0.915248884564115
2015-10-27,0.9175368241622541,0.9194411559818331
2015-10-28,0.9112559290301413,0.9128876920253893
2015-10-29,0.9009333069324178,0.9120923763078453
2015-10-30,0.8956430531572014,0.8991899130281569
2015-11-02,0.9024684867682892,0.8926332671151382
2015-11-03,0.9141304624258446,0.9065395308864607
2015-11-04,0.9295758305533094,0.9190074240947578
2015-11-05,0.9332550670252997,0.9319827623117025
2015-11-06,0.9132561693268687,0.929941600131637
2015-11-09,0.9050488512607898,0.91060940966307
2015-11-10,0.8944300902299045,0.8960793081451424
2015-11-11,0.8816763900256834,0.8926258427034829
2015-11-12,0.882097064394564,0.8819605059079346
2015-11-13,0.8755896103737628,0.8757042536480582
2015-11-16,0.872199163286801,0.8684560997394489
2015-11-17,0.885545745779608,0.8829297766528986
2015-11-18,0.8744257437521662,0.8853169152799371
2015-11-19,0.8881176311510243,0.8803327726427338
2015-11-20,0.8836162288325633,0.885231896919401
2015-11-23,0.8869423152767406,0.8868392174870974
2015-11-24,0.8802646193399593,0.8847641355516476
2015-11-25,0.8771171051373806,0.8820304445189777
2015-11-26,0.8882671455650704,0.8818733901647221
2015-11-27,0.8801927915646481,0.8886429302329701
2015-11-30,0.8704562353702167,0.868382952361007
2015-12-01,0.8865079317834633,0.874895079613845
2015-12-02,0.8851328262700123,0.8844167235154388
2015-12-03,0.8864638718336569,0.8772258495812788
2015-12-04,0.8800836239727439,0.8797313392699062
2015-12-07,0.8855070341496473,0.8851567957666333
2015-12-08,0.873255150032701,0.8809048944807654
2015-12-09,0.8616648052161731,0.8692877101720128
2015-12-10,0.8621513167284661,0.8572707836381906
2015-12-11,0.8524035699586056,0.8609448213536901
2015-12-14,0.8416137290049965,0.8409257614944591
2015-12-15,0.8476051952205569,0.8485196583783647
2015-12-16,0.8580739038593782,0.8563971415901218
2015-12-17,0.8749877269360342,0.8611342157691234
2015-12-18,0.8723543995455607,0.8677256100622338
2015-12-21,0.8746124198330301,0.8642067671842643
2015-12-22,0.8742667429134294,0.875038294288434
2015-12-23,0.8774468726268259,0.8757289237927495
2015-12-24,0.8769950414990196,0.8825169478709363
2015-12-25,0.8815984164183807,0.8773273902523335
2015-12-28,0.8819953329384105,0.8828180341659837
2015-12-29,0.8732061639396089,0.8770396753757125
2015-12-30,0.8694668286952878,0.8754907327126387
2015-12-31,0.8745614407591025,0.8677361785147459
2016-01-01,0.8745614407591025,0.8677361785147459
2016-01-04,0.84917740580055,0.8711761373001775
2016-01-05,0.848083594487857,0.845988222297275
2016-01-06,0.8408031441011508,0.8455773651169405
2016-01-07,0.8267256672037465,0.8370846252209203
2016-01-08,0.8321110979902059,0.819276392859085
2016-01-11,0.8189948807456778,0.823106331728856
2016-01-12,0.8171800221033119,0.8223590254685476
2016-01-13,0.8225799702391501,0.8227706690870495
2016-01-14,0.8133786953395791,0.8088855025162204
2016-01-15,0.808978391256009,0.8171482946997191
2016-01-18,0.8146228286531565,0.7939777300027382
2016-01-19,0.8179032186214906,0.8141256656571694
2016-01-20,0.800870296407694,0.8127227608187576
2016-01-21,0.7953512503155518,0.8042361979721891
2016-01-22,0.8058525583652708,0.8051601964343597
2016-01-25,0.824519491571035,0.8134007401190042
2016-01-26,0.8183234081988249,0.8154934013232604
2016-01-27,0.8215845136525078,0.8238361524871595
2016-01-28,0.831502551764933,0.8187387905814837
2016-01-29,0.8519704729396295,0.830579597736874
2016-02-01,0.8604968240769153,0.861596173378662
2016-02-02,0.8593819655412817,0.8566738398290288
2016-02-03,0.8457153770013782,0.8506122898289483
2016-02-04,0.8457153770013782,0.8506122898289483
2016-02-05,0.8457153770013782,0.8506122898289483
2016-02-08,0.8457153770013782,0.8506122898289483
2016-02-09,0.8457153770013782,0.8506122898289483
2016-02-10,0.8457153770013782,0.8506122898289483
2016-02-11,0.8457153770013782,0.8506122898289483
2016-02-12,0.8457153770013782,0.8506122898289483
2016-02-15,0.8500501216834603,0.8371286526207732
2016-02-16,0.8666112691881337,0.8525652467125276
2016-02-17,0.866412246746874,0.8703057658254101
2016-02-18,0.879527167230518,0.8740091288384036
2016-02-19,0.8799500913669696,0.8770434488431267
2016-02-22,0.8799780529700952,0.8812436658385437
2016-02-23,0.8799862534832354,0.8831595812424827
2016-02-24,0.8763498045087917,0.879819097153548
2016-02-25,0.881470832167148,0.8792290854180025
2016-02-26,0.8924138806374174,0.8861688586920227
2016-02-29,0.8924138806374174,0.8861688586920227
2016-03-01,0.8970324147796276,0.8873351249289289
2016-03-02,0.9025834973694746,0.9045505438922914
2016-03-03,0.9113892981912732,0.9042458755382322
2016-03-04,0.9151545054386347,0.912465160028805
2016-03-07,0.9198154414526578,0.9180662376297815
2016-03-08,0.9179007414027883,0.9191917989772638
2016-03-09,0.9114471299571475,0.9136249931321992
2016-03-10,0.9155863997874343,0.9109242584479014
2016-03-11,0.9187268536560884,0.9145888843121041
2016-03-14,0.9230718188334508,0.9235227538582022
2016-03-15,0.9068102406675147,0.9232264751169591
2016-03-16,0.9152586165227333,0.910538140639595
2016-03-17,0.9199499049273542,0.9232266333870999
2016-03-18,0.9265261231060286,0.9214054857477921
2016-03-21,0.9260925885138496,0.9283698462684007
2016-03-22,0.9242794563360489,0.9245848281458783
2016-03-23,0.9213382427758691,0.9216676128840533
2016-03-24,0.9178406275583079,0.9174532724180461
2016-03-25,0.9128336916883555,0.9186006098287137
2016-03-28,0.910162115390425,0.9119736143897272
2016-03-29,0.9052219023918311,0.9093589553263982
2016-03-30,0.9199628542968277,0.908734473675618
2016-03-31,0.9201503667114755,0.9225619833691109
2016-04-01,0.9119454001352628,0.9117726539182993
2016-04-04,0.9119454001352628,0.9117726539182993
2016-04-05,0.9119454001352628,0.9117726539182993
2016-04-06,0.8985824905909253,0.9028707605729007
2016-04-07,0.8935363433502493,0.8961616674590064
2016-04-08,0.8961591107414859,0.8875687411867109
2016-04-11,0.9012981759356539,0.8952053075243975
2016-04-12,0.8975361677481124,0.9000764713926916
2016-04-13,0.9125000165733003,0.9003469800839375
2016-04-14,0.9150269859222562,0.9180515591575593
2016-04-15,0.9217809426327888,0.9135370099913972
2016-04-18,0.9206701086370246,0.9188845868655868
2016-04-19,0.9164466391756019,0.9243063887374943
2016-04-20,0.9043902408128313,0.919637207956868
2016-04-21,0.9080511423008367,0.9059938901688365
2016-04-22,0.9056114069906566,0.9064136285893115
2016-04-25,0.908966186054563,0.9047387730880182
2016-04-26,0.9123143205756441,0.909510298457481
2016-04-27,0.9113920989441032,0.9092412964343523
2016-04-28,0.9028155178955349,0.9136350350335627
2016-04-29,0.8963546580153396,0.8961923435881458
2016-05-02,0.8963546580153396,0.8961923435881458
2016-05-03,0.8868899483773126,0.8948074833167196
2016-05-04,0.8729783750987514,0.8826802760571933
2016-05-05,0.8696925264750563,0.8700684949952491
2016-05-06,0.8667950961306332,0.8663854451061613
2016-05-09,0.8675962753615526,0.8686929561755311
2016-05-10,0.8703718145034525,0.8627952001815049
2016-05-11,0.867663606989165,0.8730630253846652
2016-05-12,0.8683923827000739,0.8653808162642949
2016-05-13,0.8613360109849028,0.8650198174772074
2016-05-16,0.8646980051680265,0.8589689356981505
2016-05-17,0.8720871116292883,0.8653353811530646
2016-05-18,0.8741715270803851,0.8662604850334319
2016-05-19,0.8658365233888708,0.8712350952540501
2016-05-20,0.8692101887212379,0.8671999133424145
2016-05-23,0.8915578484766048,0.868348523592956
2016-05-24,0.8892886962670687,0.8901205360594928
2016-05-25,0.8971814079952878,0.8953052007474264
2016-05-26,0.8968148792779241,0.8963464918045605
2016-05-27,0.9033846114214843,0.9011780766412366
2016-05-30,0.9137059428141888,0.9041045221979191
2016-05-31,0.912102575232569,0.9104076463208443
2016-06-01,0.9178213881448838,0.9086019248646904
2016-06-02,0.9139176454082064,0.917122433222554
2016-06-03,0.9140930943483859,0.9143669589324217
2016-06-06,0.9168781459514176,0.9177711471492663
2016-06-07,0.9294914932035886,0.9199645481953697
2016-06-08,0.9316476470941933,0.9300983090475251
2016-06-09,0.9316476470941933,0.9300983090475251
2016-06-10,0.9316476470941933,0.9300983090475251
2016-06-13,0.9126200000075677,0.9208451863779886
2016-06-14,0.9187335828998947,0.9081643017175722
2016-06-15,0.9215423134652481,0.9168714043725686
2016-06-16,0.9088847817286893,0.9183443253792741
2016-06-17,0.9180119012472441,0.9144738419570062
2016-06-20,0.925082005669726,0.9228468112840786
2016-06-21,0.9316722951083302,0.9238358544828499
2016-06-22,0.9346594896273276,0.9303815492279061
2016-06-23,0.9296030815496094,0.932124977801518
2016-06-24,0.9083043616517471,0.9302152897716104
2016-06-27,0.9092130918635183,0.9014515789655159
2016-06-28,0.9145371248712867,0.9028685133148582
2016-06-29,0.9217928062955978,0.91680049125228
2016-06-30,0.9282193146926858,0.924761568093015
2016-07-01,0.9351203403836955,0.9305010272796891
2016-07-04,0.9415981742665488,0.9340385329874697
2016-07-05,0.9390052833813485,0.9389893970094431
2016-07-06,0.9232424566510485,0.931812030062877
2016-07-07,0.92975941754609,0.926723351425496
2016-07-08,0.92975941754609,0.9285078188341593
2016-07-11,0.9460221763371732,0.9419356989733216
2016-07-12,0.9493397583020169,0.9445992768509278
2016-07-13,0.9553136724925516,0.9534984440138357
2016-07-14,0.9578810249508781,0.953315870432951
2016-07-15,0.9665607015266393,0.9571942850370514
2016-07-18,0.9714933792900269,0.9686714988504077
2016-07-19,0.9745361063156777,0.9716102762926101
2016-07-20,0.9691078308823846,0.9693595680270503
2016-07-21,0.9753454280283376,0.9687554702935125
2016-07-22,0.968691993814759,0.9726154547384194
2016-07-25,0.9670273846611648,0.9704885237200254
2016-07-26,0.9734905900856586,0.9650276472734386
2016-07-27,0.9768627926719776,0.9760960572086335
2016-07-28,0.9749665401872919,0.9728389858890866
2016-07-29,0.9671138150486196,0.9717187487905363
2016-08-01,0.9732526894899108,0.9670480540780457
2016-08-02,0.9688245314154972,0.9701848231936645
2016-08-03,0.9616935111299185,0.957262176058752
2016-08-04,0.9622201794869005,0.9615781666215414
2016-08-05,0.966637590693746,0.960362367079436
2016-08-08,0.9719891211281512,0.9705716768856788
2016-08-09,0.972607398904669,0.9692467403131687
2016-08-10,0.9761130607250289,0.9711751680593876
2016-08-11,0.9714527413325582,0.9721534462484078
2016-08-12,0.9742726354964916,0.9716855194938762
2016-08-15,0.9739216516407861,0.9723189534079237
2016-08-16,0.9736631311898867,0.9733756674491041
2016-08-17,0.9739193653226155,0.9714457463206104
2016-08-18,0.9736322572793288,0.9713125097826427
2016-08-19,0.9652965758146046,0.9749469709712397
2016-08-22,0.9579465453278466,0.9602483205787616
2016-08-23,0.9652950068979851,0.9577811549946934
2016-08-24,0.9608253254875108,0.9631171396160038
2016-08-25,0.9696880016617833,0.9605109376591121
2016-08-26,0.9733861613495132,0.969787219161918
2016-08-29,0.9698334346054891,0.9718706364506255
2016-08-30,0.9719718516010719,0.9714258567089527
2016-08-31,0.9656521088113125,0.9703505651584576
2016-09-01,0.9615227784154766,0.962565861053691
2016-09-02,0.9599535886186088,0.9606140299103991
2016-09-05,0.9726935501512789,0.9642040091500389
2016-09-06,0.9791397840046289,0.9721413386968009
2016-09-07,0.9855432307908416,0.9820336236851885
2016-09-08,0.9869937971814671,0.9840386383983304
2016-09-09,0.9779393014625648,0.9787775571063113
2016-09-12,0.9557947671870745,0.9593178320549103
2016-09-13,0.9550712781705488,0.9561538317221664
2016-09-14,0.9488478073602794,0.9493276431811991
2016-09-15,0.9488478073602794,0.9493276431811991
2016-09-16,0.9488478073602794,0.9493276431811991
2016-09-19,0.9723054748938129,0.9571119478708251
2016-09-20,0.9739224824805128,0.969818262104279
2016-09-21,0.9793663440955847,0.9718643112828252
2016-09-22,0.9787242779301017,0.9840492312614901
2016-09-23,0.9839593609754478,0.9798475763939757
2016-09-26,0.9776693466659535,0.9794095269742205
2016-09-27,0.9776693466659535,0.9759128156029406
2016-09-28,0.9776693466659535,0.9759128156029406
2016-09-29,0.9877892438470204,0.9830634301547544
2016-09-30,0.9759102195654291,0.9780189466053552
2016-10-03,0.9770947393153065,0.97631384066674
2016-10-04,0.9838660241516256,0.977071950992801
2016-10-05,0.98387845919879,0.9759594148247854
2016-10-06,0.982391441617242,0.9828472903559636
2016-10-07,0.980201239323649,0.9810140709246712
2016-10-10,0.980201239323649,0.9810140709246712
2016-10-11,0.9772544695409412,0.9834409133706906
2016-10-12,0.9791777899573803,0.9728556682121217
2016-10-13,0.9737922363466763,0.9788082659959078
2016-10-14,0.9689608156508871,0.9704371523460987
2016-10-17,0.9712892414065876,0.9669960665869737
2016-10-18,0.9769068928405417,0.969484561439619
2016-10-19,0.9807930507789315,0.975447845712353
2016-10-20,0.9826618741882295,0.979148593553983
2016-10-21,0.9823168535223306,0.9809010725087502
2016-10-24,0.9838979363807456,0.9824808231470995
2016-10-25,0.9886131805434105,0.9832770255044027
2016-10-26,0.9874845358277887,0.9850566751706996
2016-10-27,0.9822297959190651,0.9848034047031847
2016-10-28,0.9840562588770887,0.9808352776083946
2016-10-31,0.9845797748565392,0.9761903188987492
2016-11-01,0.9798513327412908,0.9786051443508624
2016-11-02,0.9692519170845668,0.9721400807857774
2016-11-03,0.9614644753008219,0.9657186617730971
2016-11-04,0.9621329438590356,0.9585722059810983
2016-11-07,0.9720815899898287,0.9636791869969602
2016-11-08,0.9779737864580149,0.9741987963660682
2016-11-09,0.950409270486557,0.9811184250038979
2016-11-10,0.9735082967972954,0.9685208729777658
2016-11-11,0.9489270511113426,0.9585579211808886
2016-11-14,0.9507690137754563,0.9481218027961236
2016-11-15,0.9497766969734552,0.9477611784550961
2016-11-16,0.9540196169874692,0.9533886471711441
2016-11-17,0.9578869574657799,0.9541843219520331
2016-11-18,0.9595590316141656,0.9549827341469581
2016-11-21,0.962767964591821,0.9580890055600773
2016-11-22,0.9718377164048584,0.9623969536553216
2016-11-23,0.9761668080927215,0.9717993320470553
2016-11-24,0.9767211070420107,0.9744027122279556
2016-11-25,0.9765991008882268,0.9752707529892995
2016-11-28,0.9830358276748705,0.9767096781815303
2016-11-29,0.9791899836104238,0.9811005353839847
2016-11-30,0.9812593985453933,0.9810207547103775
2016-12-01,0.9840183886613707,0.980975686654852
2016-12-02,0.97980859026038,0.9777538678228694
2016-12-05,0.9743973178235188,0.9783398587238668
2016-12-06,0.983566111611619,0.981464321752389
2016-12-07,0.9841339974409112,0.9858174919660726
2016-12-08,0.996571223506221,0.9871358323167347
2016-12-09,0.9989664143345783,0.9945812069340766
2016-12-12,0.9962917195144863,1.0000010614759554
2016-12-13,0.9975710861439446,0.9923233159795253
2016-12-14,0.993781039661887,0.997613562310381
2016-12-15,0.9921108353697012,0.9884392782587444
2016-12-16,0.9890397922690483,0.9911915418820438
2016-12-19,0.9815190987490146,0.9864652011490271
2016-12-20,0.9824825476445773,0.9804428854916745
2016-12-21,0.9808810240870326,0.9812924831860935
2016-12-22,0.9729649482891349,0.9785270442596795
2016-12-23,0.9690883338446701,0.969364784760285
2016-12-26,0.9732894154170616,0.9698757945006382
2016-12-27,0.9728826764702756,0.9717535580434303
2016-12-28,0.9818741462348152,0.9731887382576344
2016-12-29,0.9779196218741784,0.9780365330673855
2016-12-30,0.9895323432955874,0.982408244710815
2017-01-02,0.9895323432955874,0.982408244710815
2017-01-03,0.9897195244674994,0.9878406609059829
2017-01-04,0.9913176818677458,0.990249329550243
2017-01-05,0.998768044894186,0.990188801642561
2017-01-06,1.003076016672928,0.9978681503369969
2017-01-09,0.9993329117354368,1.0012555620790338
2017-01-10,1.0005980573627988,0.9974423642665841
2017-01-11,1.006202095868052,1.0015947264866039
2017-01-12,1.0143294844689807,1.0056887897148081
2017-01-13,1.0134698732942948,1.0114495803426422
2017-01-16,1.0039767753993687,1.008940804502826
2017-01-17,1.0090641207600024,1.0017868955218103
2017-01-18,1.0064929591882132,1.0051780842592357
2017-01-19,1.0036464094718227,1.0032818777379893
2017-01-20,1.005111762343315,1.0007688746792516
2017-01-23,1.013278484263039,1.0081757281362551
2017-01-24,1.0148998964619425,1.0115704063436373
2017-01-25,1.0148998964619425,1.0115704063436373
2017-01-26,1.0148998964619425,1.0115704063436373
2017-01-27,1.0148998964619425,1.0115704063436373
2017-01-30,1.0148998964619425,1.0115704063436373
2017-01-31,1.0148998964619425,1.0115704063436373
2017-02-01,1.0148998964619425,1.0115704063436373
2017-02-02,1.0127046290186026,1.0186460254060505
2017-02-03,1.0173194478931022,1.0121905838106167
2017-02-06,1.024498530432998,1.0177631116316201
2017-02-07,1.0278378106526203,1.0210071560403897
2017-02-08,1.0292709314808473,1.02465014834367
2017-02-09,1.038818394664486,1.0283246569647808
2017-02-10,1.0469185872248115,1.0405713023803624
2017-02-13,1.0493190868617575,1.046433012055574
2017-02-14,1.0495853228885295,1.047676777580167
2017-02-15,1.059462000092278,1.0488271098233892
2017-02-16,1.0554396613215271,1.0603483166796897
2017-02-17,1.0521955546169057,1.053796543580607
2017-02-20,1.050034889317812,1.0538106421018298
2017-02-21,1.0523510903550757,1.048885031174419
2017-02-22,1.0545857300761148,1.0571961024343381
2017-02-23,1.0533807186248443,1.052903748441865
2017-02-24,1.053682926036326,1.0505685718335709
2017-02-27,1.053682926036326,1.0505685718335709
2017-02-28,1.053682926036326,1.0505685718335709
2017-03-01,1.0503592780638147,1.0504491958022337
2017-03-02,1.052068890614963,1.0555922852988544
2017-03-03,1.0503135909353398,1.0478429855344402
2017-03-06,1.055341882499369,1.04988119344678
2017-03-07,1.0610808017981035,1.053771772948307
2017-03-08,1.0625903290656034,1.0600642014792152
2017-03-09,1.053689255847653,1.059912358225872
2017-03-10,1.0515232479671417,1.051194087766938
2017-03-13,1.0577746900768479,1.0521647498382654
2017-03-14,1.0648754848248574,1.058418134261439
2017-03-15,1.06434471285891,1.0627301360671393
2017-03-16,1.0740071357288432,1.0668446042550173
2017-03-17,1.080496281946832,1.073559109971216
2017-03-20,1.0808820061837472,1.0769239211586636
2017-03-21,1.090478767974614,1.0820412231842813
2017-03-22,1.0839374066802279,1.0779657557740536
2017-03-23,1.0837451503191664,1.0854747850658404
2017-03-24,1.0831043159600475,1.0821195431856574
2017-03-27,1.0826315689681958,1.0804082324787696
2017-03-28,1.081796049408408,1.0843011003082577
2017-03-29,1.0833681413798602,1.081949914204807
2017-03-30,1.0833605144134286,1.0821957882469841
2017-03-31,1.0826106659621966,1.0814833608136676
2017-04-03,1.0826106659621966,1.0814833608136676
2017-04-04,1.0826106659621966,1.0814833608136676
2017-04-05,1.0966338769074595,1.0847467964421509
2017-04-06,1.0918955846335978,1.092593400268442
2017-04-07,1.0928570826694555,1.0876882344223657
2017-04-10,1.0933572705286676,1.0923889324283778
2017-04-11,1.0862340039677005,1.090328733353602
2017-04-12,1.0856499385814062,1.0828414753907214
2017-04-13,1.0888077869195885,1.0833060184609433
2017-04-14,1.0805915751967479,1.0835393241652886
2017-04-17,1.0802246210480673,1.0797992279191835
2017-04-18,1.0842587638359862,1.0825556375363976
2017-04-19,1.073791659591122,1.0749795716969484
2017-04-20,1.0697995953957105,1.0694966256081921
2017-04-21,1.0802057530025027,1.0741684741187074
2017-04-24,1.0814649577390842,1.0819389894119382
2017-04-25,1.0975673936115902,1.0859725289965003
2017-04-26,1.1009264303610689,1.0973645148400322
2017-04-27,1.0976793254378225,1.0964945159718695
2017-04-28,1.0971017176573201,1.0951362502154742
2017-05-01,1.0971017176573201,1.0951362502154742
2017-05-02,1.1040776652476012,1.0994351176597805
2017-05-03,1.1033654695894421,1.1019693326022348
2017-05-04,1.1061447453713127,1.1016316241281403
2017-05-05,1.1002049397078861,1.1026703295171973
2017-05-08,1.0983144333761858,1.1024616133006269
2017-05-09,1.0926896094772256,1.0970225689875264
2017-05-10,1.0977758186035524,1.0946684681237417
2017-05-11,1.1000947334611497,1.0970858723873476
2017-05-12,1.0997857774113862,1.0975249235562707
2017-05-15,1.105437848571537,1.0993432888723274
2017-05-16,1.1081750658742358,1.1063582347841927
2017-05-17,1.106614562002754,1.1069754989539082
2017-05-18,1.102534309263098,1.0933930687761095
2017-05-19,1.098815163963456,1.0999444652168477
2017-05-22,1.1033574474041496,1.1004804690588148
2017-05-23,1.103255511188751,1.0991422158849786
2017-05-24,1.1080750550391556,1.1037788117489702
2017-05-25,1.1159641874143953,1.1078501988729852
2017-05-26,1.1147644518404,1.114219790965922
2017-05-29,1.1147644518404,1.114219790965922
2017-05-30,1.1147644518404,1.114219790965922
2017-05-31,1.1124395692010924,1.1150855250040745
2017-06-01,1.1127316605215796,1.1113362846142065
2017-06-02,1.120344871280463,1.1151156214495108
2017-06-05,1.1282236807898274,1.118716374775305
2017-06-06,1.1264529771548208,1.12648045763817
2017-06-07,1.126177123282001,1.1235013311816677
2017-06-08,1.1291077240020684,1.1243654245888484
2017-06-09,1.1260932458238104,1.1278825231109937
2017-06-12,1.122446817536194,1.1203966616129337
2017-06-13,1.124024458303295,1.1240999021383502
2017-06-14,1.1168040054899298,1.1235185324375485
2017-06-15,1.1183026063852837,1.1136120750902019
2017-06-16,1.1207977899850954,1.1138858016338635
2017-06-19,1.1306615177527355,1.119092866108171
2017-06-20,1.1348165191581394,1.1302657844935189
2017-06-21,1.1418949362094102,1.132509539496036
2017-06-22,1.147464700440008,1.1423130772172703
2017-06-23,1.1468531854409216,1.1447541000278478
2017-06-26,1.1632462078291288,1.1450020250289925
2017-06-27,1.1653046935832114,1.1632168382082484
2017-06-28,1.1569425084000309,1.157536496996285
2017-06-29,1.1616880687349411,1.1628178885623468
2017-06-30,1.1584737721478218,1.1542612203267502
2017-07-03,1.1614873110316837,1.1553268237564631
2017-07-04,1.1563718083710892,1.158109654007896
2017-07-05,1.161558453523912,1.1541316329212583
2017-07-06,1.1574380537854896,1.1579319447392216
2017-07-07,1.1505509428653795,1.15065062081408
2017-07-10,1.149325311086382,1.1493497222263744
2017-07-11,1.1581053606159677,1.1455263271330647
2017-07-12,1.157005287504584,1.1543822849228575
2017-07-13,1.164521420670514,1.1588342349895002
2017-07-14,1.1667703551014688,1.16143941877085
2017-07-17,1.1746039060219027,1.1680524635209766
2017-07-18,1.177342892199232,1.1703570649573194
2017-07-19,1.1817518983182422,1.1760560953497092
2017-07-20,1.1838251843549008,1.1823637296067773
2017-07-21,1.1779898040069985,1.1795687325424962
2017-07-24,1.1840642306579823,1.1760624836869744
2017-07-25,1.1841523151055884,1.1813746722406362
2017-07-26,1.1804020654094955,1.183183492218294
2017-07-27,1.1888216741932032,1.1782547370550893
2017-07-28,1.1786469127348356,1.1817499320138773
2017-07-31,1.1764638709469695,1.1737293126135273
2017-08-01,1.1785376898378792,1.1742344733830163
2017-08-02,1.1868372942215122,1.1803240278516633
2017-08-03,1.1787649071289532,1.1761465856027522
2017-08-04,1.183008407302819,1.175075090863611
2017-08-07,1.1859421544712705,1.1837560459972891
2017-08-08,1.182400457888399,1.18288758467478
2017-08-09,1.172977363278708,1.17423732723292
2017-08-10,1.1545932571577455,1.1675830124879678
2017-08-11,1.1537577350064248,1.142599662201975
2017-08-14,1.14634558407343,1.1559091531940129
2017-08-15,1.152540915470348,1.1514731056173597
2017-08-16,1.1502661130615512,1.1475093618841254
2017-08-17,1.1576567803327853,1.1501662035252305
2017-08-18,1.1525145732444693,1.1490428337431606
2017-08-21,1.1528191123325224,1.1500629165496812
2017-08-22,1.1595684311470391,1.15338675147716
2017-08-23,1.1611452744435642,1.1621110131599777
2017-08-24,1.1710151326266915,1.1596791190045688
2017-08-25,1.1733601958176711,1.17052430792688
2017-08-28,1.1763528749503522,1.1724036614041318
2017-08-29,1.1723217545909541,1.17272028411581
2017-08-30,1.1817030649421567,1.1749342834571623
2017-08-31,1.187958641931394,1.1828908781277054
2017-09-01,1.1882848344948929,1.1865499679199698
2017-09-04,1.1836987331475957,1.183732715352712
2017-09-05,1.187349350750838,1.1840767426097139
2017-09-06,1.1806470508982023,1.1809616713915
2017-09-07,1.1792423718586014,1.1800475564607904
2017-09-08,1.1906321300049216,1.180818971546861
2017-09-11,1.1855989956216642,1.1921426953943064
2017-09-12,1.1898953878928802,1.189017294351659
2017-09-13,1.181908002020826,1.1885254945246309
2017-09-14,1.1839429395937895,1.1787780512399215
2017-09-15,1.186739605674945,1.1787464445848423
2017-09-18,1.1956870614804187,1.1875998887544195
2017-09-19,1.1864629673736573,1.1954046809828558
2017-09-20,1.1824106712706017,1.1838151435614768
2017-09-21,1.1898009193238708,1.1778018075096637
2017-09-22,1.1785985653735225,1.1876784338204625
2017-09-25,1.1618599164179801,1.175286039401106
2017-09-26,1.1582836496003996,1.1574526473419482
2017-09-27,1.1651348287790986,1.1616724800980438
2017-09-28,1.1653338365826984,1.1663627593775883
2017-09-29,1.1679008220641756,1.1659408791136578
2017-10-02,1.1830772219677954,1.1767250080070395
2017-10-03,1.1845871129576968,1.1823242999274841
2017-10-04,1.1845871129576968,1.1823242999274841
2017-10-05,1.1874970176164763,1.1819301221979004
2017-10-06,1.1886533073688654,1.1857377044726745
2017-10-09,1.1886533073688654,1.1857377044726745
2017-10-10,1.1886533073688654,1.1857377044726745
2017-10-11,1.1961317681240535,1.1945459619635834
2017-10-12,1.2001446600745331,1.194969429472535
2017-10-13,1.200845138471126,1.1962915845802684
2017-10-16,1.206254181605956,1.2002468012808218
2017-10-17,1.2015817051934423,1.2058869682569577
2017-10-18,1.1963588736403685,1.2018242880742407
2017-10-19,1.2006863321978298,1.1955462090952325
2017-10-20,1.199127100117437,1.195143378025653
2017-10-23,1.201919446948139,1.200360709185405
2017-10-24,1.2060625474125128,1.2010031887500334
2017-10-25,1.2046996427003258,1.2070591499678462
2017-10-26,1.2030914891729347,1.1999693819203832
2017-10-27,1.1997640001073169,1.2040426596849265
2017-10-30,1.2007979451607584,1.2030539820565846
2017-10-31,1.2022616407429891,1.1979150159624496
2017-11-01,1.2042366473336217,1.2038174697190733
2017-11-02,1.2032823502817593,1.1997556134695877
2017-11-03,1.2061840044612138,1.2037895311724602
2017-11-06,1.2036282656910802,1.2032757941285568
2017-11-07,1.2063983942604035,1.202544378601348
2017-11-08,1.2061040824072753,1.2039126537794957
2017-11-09,1.2045829199609321,1.2050897597780428
2017-11-10,1.1997727796420683,1.1983963801460904
2017-11-13,1.1935999888135906,1.1960785830077036
2017-11-14,1.1966772823312792,1.1942829095311116
2017-11-15,1.1898309216357863,1.1914742713947812
2017-11-16,1.1886204050497398,1.1849719390213878
2017-11-17,1.1956876631517885,1.192610413126875
2017-11-20,1.1933985217864453,1.194700560173411
2017-11-21,1.2047867285839728,1.1929244859117976
2017-11-22,1.214895208680634,1.2087090265468325
2017-11-23,1.217230479254987,1.2159697368867664
2017-11-24,1.2156395041725567,1.2152508380284532
2017-11-27,1.2100863768588321,1.2174212783604899
2017-11-28,1.2052227248926055,1.2059627586207213
2017-11-29,1.2050237348180952,1.2061707491644245
2017-11-30,1.1929457947780142,1.1957009510702035
2017-12-01,1.1923165314011943,1.192868563621002
2017-12-04,1.1950385259465888,1.1904413894500288
2017-12-05,1.1919706527579987,1.1880352783246426
2017-12-06,1.1735379805554116,1.1864798752655281
2017-12-07,1.169228538754904,1.17320850294425
2017-12-08,1.1758134080006872,1.170725097871589
2017-12-11,1.182546475780345,1.17640432961644
2017-12-12,1.1848672190799505,1.180330278084239
2017-12-13,1.1883932124347119,1.1844131606650727
2017-12-14,1.1937169793546027,1.1906296274228896
2017-12-15,1.1862055839846068,1.18899938377802
2017-12-18,1.1952762640044556,1.187941682046763
2017-12-19,1.1915402108854307,1.1941218920496601
2017-12-20,1.1984727531475035,1.1918881856309502
2017-12-21,1.196656366533313,1.1957278003467338
2017-12-22,1.2030974440183781,1.197014956063007
2017-12-25,1.2022429211915138,1.201542704462384
2017-12-26,1.1901685219083273,1.1992964818043765
2017-12-27,1.1996679819415281,1.1884438249354141
2017-12-28,1.2083931148943905,1.1996181769935903
2017-12-29,1.2145255624975686,1.2071962289729463
2018-01-01,1.2145255624975686,1.2071962289729463
2018-01-02,1.2235031153865579,1.213060875494944
2018-01-03,1.2327204660900621,1.226409786487591
2018-01-04,1.2394302775386172,1.23283594701945
2018-01-05,1.245976184965905,1.239295151198719
2018-01-08,1.2533115042341625,1.2451273257644793
2018-01-09,1.250886580432423,1.2498233192921644
2018-01-10,1.2449814912904873,1.2484547757834166
2018-01-11,1.242823256161875,1.2443992777179733
2018-01-12,1.2488360954432243,1.2438622408770903
2018-01-15,1.2586357900141367,1.2519220175061478
2018-01-16,1.262118532096512,1.2560892432246817
2018-01-17,1.2638070157309502,1.257523688818236
2018-01-18,1.2716527808706046,1.2669827438241723
2018-01-19,1.2756870542538785,1.271484811809981
2018-01-22,1.2805150953205278,1.2703628724369747
2018-01-23,1.2790655057160958,1.2788062087982448
2018-01-24,1.2709154047548288,1.27443625748399
2018-01-25,1.279851850445229,1.271062988817488
2018-01-26,1.2827155265734311,1.2786472664570858
2018-01-29,1.289692429996426,1.2847599816882247
2018-01-30,1.2747125355843085,1.2831346289045442
2018-01-31,1.2788303898811642,1.2634854489521337
2018-02-01,1.2801552474564837,1.2781566370882023
2018-02-02,1.2776897935510676,1.272419548775102
2018-02-05,1.2596283149819893,1.2445383214520076
2018-02-06,1.1967235472875408,1.220432932708299
2018-02-07,1.214898190366252,1.219238792216945
2018-02-08,1.214790308168573,1.2165946732834618
2018-02-09,1.1990506470996443,1.1784151583148974
2018-02-12,1.2022061531389012,1.204050546310023
2018-02-13,1.2022061531389012,1.204050546310023
2018-02-14,1.2022061531389012,1.204050546310023
2018-02-15,1.2022061531389012,1.204050546310023
2018-02-16,1.2022061531389012,1.204050546310023
2018-02-19,1.2022061531389012,1.204050546310023
2018-02-20,1.2022061531389012,1.204050546310023
2018-02-21,1.2412870647945196,1.2270447258111579
2018-02-22,1.237529954179295,1.2305242200669042
2018-02-23,1.248952745406021,1.2409891764625014
2018-02-26,1.251951230401076,1.2566833272445659
2018-02-27,1.2513980997989682,1.2602740219978006
2018-02-28,1.2513980997989682,1.2602740219978006
2018-03-01,1.253117436149641,1.2380128135239052
2018-03-02,1.245510846159081,1.2369193709721844
2018-03-05,1.2374353016498518,1.2475900247523737
2018-03-06,1.24898537398611,1.2473992094331314
2018-03-07,1.2451862817263522,1.2413515912980362
2018-03-08,1.2524083009221871,1.2496479792723827
2018-03-09,1.257056176683286,1.254896933858187
2018-03-12,1.277904664884734,1.2701740427961055
2018-03-13,1.285389250598319,1.2748157215095184
2018-03-14,1.278750503285254,1.280046376430575
2018-03-15,1.2788183455066768,1.2723686296965302
2018-03-16,1.281297186695582,1.2782117109345401
2018-03-19,1.2859521681489716,1.2784999691795687
2018-03-20,1.2836016462955295,1.2774148087353476
2018-03-21,1.2890203889215186,1.285904650670282
2018-03-22,1.286141799242676,1.2921842285714507
2018-03-23,1.2641640198423263,1.2547800708677985
2018-03-26,1.2657087870293717,1.2580708058520516
2018-03-27,1.2791832875373723,1.274146332926331
2018-03-28,1.2666270210017232,1.2695634645798919
2018-03-29,1.26521795326931,1.2678588450155661
2018-03-30,1.270032677175044,1.2707239638963033
2018-04-02,1.2645188385990636,1.2708173940509664
2018-04-03,1.2561286865220425,1.2527479227903755
2018-04-04,1.2561286865220425,1.2527479227903755
2018-04-05,1.2561286865220425,1.2527479227903755
2018-04-06,1.2561286865220425,1.2527479227903755
2018-04-09,1.2633260334780652,1.262643454826824
2018-04-10,1.2731665422496101,1.2602695960583992
2018-04-11,1.2762082321817951,1.2777151310241135
2018-04-12,1.2810596918374066,1.2771647742593935
2018-04-13,1.2838851778807763,1.282184006538379
2018-04-16,1.2835302135135607,1.2820273569190046
2018-04-17,1.2700124420547863,1.2825327078130786
2018-04-18,1.2774986653267937,1.2738428305797442
2018-04-19,1.2872944817683354,1.2781964332122013
2018-04-20,1.2765756959103791,1.2766767711048748
2018-04-23,1.270311089122783,1.2738237253056
2018-04-24,1.256917558900728,1.2703056390320489
2018-04-25,1.251955560860072,1.247037069218172
2018-04-26,1.2530530790947618,1.2559540718899203
2018-04-27,1.2607918809855874,1.2582162522737026
2018-04-30,1.2684273340666528,1.2608131016692796
2018-05-01,1.2684273340666528,1.2608131016692796
2018-05-02,1.271731756397503,1.2684172242171856
2018-05-03,1.2592056066796866,1.2672169975723198
2018-05-04,1.258739757490754,1.2553681534267902
2018-05-07,1.2671537065823089,1.2673866229441189
2018-05-08,1.2739587708270594,1.265992179399058
2018-05-09,1.2758908938551474,1.272995976373383
2018-05-10,1.2827005513439989,1.279569898212078
2018-05-11,1.2904851718345949,1.2877884673300264
2018-05-14,1.3025408337080844,1.2973399968100623
2018-05-15,1.2969991009178115,1.304666450141955
2018-05-16,1.302841767195681,1.2986968976177746
2018-05-17,1.2956997402180621,1.3050230283283322
2018-05-18,1.2964607138583641,1.2984534067621243
2018-05-21,1.3108190180014763,1.2989940156625281
2018-05-22,1.3098356069542731,1.3126402753509803
2018-05-23,1.3038279592295918,1.3127654504360753
2018-05-24,1.3083120981297471,1.3082265773781885
2018-05-25,1.3104622344987933,1.308161342053342
2018-05-28,1.3182650314821123,1.3132850017996571
2018-05-29,1.3150602715809683,1.3161905716013338
2018-05-30,1.2926476856528653,1.3013392088743199
2018-05-31,1.2964449547425698,1.3005370862979693
2018-06-01,1.3095870293632548,1.2945901935511466
2018-06-04,1.328659799214061,1.3137131585226518
2018-06-05,1.330238327770233,1.329304917511643
2018-06-06,1.34205727961281,1.3329431825755425
2018-06-07,1.351284783300917,1.3471056827769612
2018-06-08,1.3454602419587323,1.348329841631573
2018-06-11,1.342625699011406,1.346980934557359
2018-06-12,1.333871832723842,1.3387058330655488
2018-06-13,1.3370616872666317,1.334806642144664
2018-06-14,1.3185893692161572,1.3281398077243636
2018-06-15,1.3228345071946839,1.3182245897391267
2018-06-18,1.3228345071946839,1.3182245897391267
2018-06-19,1.3008748721459578,1.3083072297549925
2018-06-20,1.3050543957391092,1.3009727499843466
2018-06-21,1.305285480210936,1.3084032803792998
2018-06-22,1.3002353345898856,1.2962230797460546
2018-06-25,1.2945960761347952,1.2947263775494036
2018-06-26,1.287122207423172,1.283034672775851
2018-06-27,1.282015751159152,1.2890974911371198
2018-06-28,1.2740851561015702,1.273687044289346
2018-06-29,1.2948852123369816,1.2760731246283812
2018-07-02,1.2878177820828858,1.293131335981929
2018-07-03,1.2805468450809796,1.2874370244456639
2018-07-04,1.2802136981578902,1.2788993026813047
2018-07-05,1.2674658822699454,1.278585215710921
2018-07-06,1.2680477545009186,1.2683155766502348
2018-07-09,1.279479933804062,1.2742338793556125
2018-07-10,1.2865369621010943,1.2840729928743668
2018-07-11,1.2740058302372883,1.271645687469514
2018-07-12,1.2825033390794984,1.268361820826173
2018-07-13,1.296204060837748,1.2870954436337296
2018-07-16,1.2916071048098725,1.2983106413966916
2018-07-17,1.290400460562287,1.2907800395407967
2018-07-18,1.2999281677482462,1.2966587785796742
2018-07-19,1.2958007859080902,1.3003287170738789
2018-07-20,1.2964594001861232,1.2980233495935778
2018-07-23,1.2943931865854141,1.2946220206364911
2018-07-24,1.303030438859143,1.292008004429719
2018-07-25,1.3008099435856875,1.2989140302110522
2018-07-26,1.3059345540365235,1.300789140120419
2018-07-27,1.3119411407449144,1.3018377792200413
2018-07-30,1.3031746854232733,1.3073704791950655
2018-07-31,1.3052579896179366,1.2980429908193656
2018-08-01,1.3091092790937402,1.3028425251939404
2018-08-02,1.2889000090868385,1.3047044347602554
2018-08-03,1.3005228044895687,1.29413819849761
2018-08-06,1.3008982865326861,1.3009586311814276
2018-08-07,1.299427080155464,1.2997440347938862
2018-08-08,1.309204793293882,1.3037761112844857
2018-08-09,1.3042261579946426,1.3060032717465777
2018-08-10,1.3022287936761148,1.2975433812748003
2018-08-13,1.2775749422349698,1.295007549785534
2018-08-14,1.287877402751934,1.2802323972690373
2018-08-15,1.2673187353891502,1.2836172564046562
2018-08-16,1.2661754659680662,1.2554131077536737
2018-08-17,1.2676428379030973,1.2706926133012333
2018-08-20,1.2698673007679107,1.2696649975420602
2018-08-21,1.2849496414798263,1.2711142612608697
2018-08-22,1.283728854662355,1.2829225377509557
2018-08-23,1.2909900894438486,1.2847626443529616
2018-08-24,1.2833975226311292,1.2855695982932407
2018-08-27,1.2955788056642115,1.288232550068622
2018-08-28,1.3074766502615924,1.3002395677061804
2018-08-29,1.3147506600936547,1.3076886557275136
2018-08-30,1.3073874757260007,1.3141508147364886
2018-08-31,1.3143520192158713,1.3038876325994289
2018-09-03,1.2965795550660786,1.3116827071875417
2018-09-04,1.3035597897666655,1.2980203575679425
2018-09-05,1.2921219776717445,1.2994391252398052
2018-09-06,1.2856700170512847,1.2827470106737002
2018-09-07,1.2700211168188262,1.2757542233961707
2018-09-10,1.2550612597365842,1.2692297363477099
2018-09-11,1.2647521837118483,1.257502204597605
2018-09-12,1.254345292073148,1.2608304846540623
2018-09-13,1.262165599159612,1.25735484280033
2018-09-14,1.2804484057749799,1.2708276841618127
2018-09-17,1.2824227084807271,1.2788758703322025
2018-09-18,1.2794569370095128,1.2733406629969748
2018-09-19,1.2879684281893553,1.2837759449069808
2018-09-20,1.280844476132645,1.2853761276334335
2018-09-21,1.300895726291436,1.2812439837662974
2018-09-24,1.300895726291436,1.2812439837662974
2018-09-25,1.2984831822697722,1.292110669959083
2018-09-26,1.2936604906103126,1.2937396662645615
2018-09-27,1.2985743856681822,1.287956284289519
2018-09-28,1.2990684593568507,1.2978299241769462
2018-10-01,1.3034920796627318,1.2983414370467825
2018-10-02,1.2883754168159904,1.3004506868746277
2018-10-03,1.2779298132840788,1.2854663457342905
2018-10-04,1.2637013137268238,1.2707254704056081
2018-10-05,1.238145887795149,1.2524283008927344
2018-10-08,1.2357010083057407,1.2311473057684768
2018-10-09,1.234693359997435,1.2345849081388791
2018-10-10,1.234693359997435,1.2345849081388791
2018-10-11,1.1619526021412525,1.176781215109129
2018-10-12,1.1901090189841268,1.1551233601996618
2018-10-15,1.1805180436160978,1.1780385070326558
2018-10-16,1.1826175023304404,1.178730959885921
2018-10-17,1.1867980086359382,1.194904444009338
2018-10-18,1.1848144671553311,1.1858432280701452
2018-10-19,1.1815249072791936,1.1689742056980417
2018-10-22,1.1865961178893836,1.1708804199203027
2018-10-23,1.1657213069795547,1.174074666898642
2018-10-24,1.1645648770670063,1.1634392827959033
2018-10-25,1.1440691107986913,1.1328780495285753
2018-10-26,1.1364496053181605,1.1496390986252074
2018-10-29,1.135773774309038,1.1416559941850692
2018-10-30,1.1416654280208633,1.1349741151304344
2018-10-31,1.1748803168651918,1.1521027714119603
2018-11-01,1.1857076772015702,1.167474234052064
2018-11-02,1.195947973915885,1.190135537437635
2018-11-05,1.1935626384860134,1.184877512505693
2018-11-06,1.1802708669205488,1.1943105493028037
2018-11-07,1.1956979542282828,1.1802880886360247
2018-11-08,1.1940846735770192,1.2063489147205955
2018-11-09,1.1830759754658149,1.1902823971150855
2018-11-12,1.1870591140979336,1.1765822399752182
2018-11-13,1.1843806601996236,1.1614086240496706
2018-11-14,1.186925303614955,1.1825968090920294
2018-11-15,1.1904299287416138,1.1882795050335426
2018-11-16,1.189618453056595,1.1963461757906046
2018-11-19,1.202335063922563,1.1923235396834926
2018-11-20,1.1907897004216954,1.1935933054872847
2018-11-21,1.190682638275932,1.181920934727499
2018-11-22,1.1827223802389277,1.1919244866802543
2018-11-23,1.1769924071167521,1.1835140010227467
2018-11-26,1.1873472186760674,1.180755316065689
2018-11-27,1.1918707933947783,1.1826668548813588
2018-11-28,1.2070643826078231,1.192705529429581
2018-11-29,1.2030025829768882,1.2180710101179586
2018-11-30,1.2105040402771612,1.2074780570310955
2018-12-03,1.2401442344308935,1.226453339543054
2018-12-04,1.2329943367279257,1.2387598561244588
2018-12-05,1.2148529628480964,1.214507917890125
2018-12-06,1.187997926069755,1.2091840238330918
2018-12-07,1.1960886978849536,1.1939677543656408
2018-12-10,1.1825006098361555,1.1817956333252515
2018-12-11,1.1901197394421164,1.1849937733309772
2018-12-12,1.2009469766648875,1.2002557490377597
2018-12-13,1.2090643012574882,1.2032030960134636
2018-12-14,1.2016005819226891,1.2020278957546904
2018-12-17,1.2013878695695972,1.2031079974699765
2018-12-18,1.1961275702126142,1.195051334436351
2018-12-19,1.2014211725514128,1.1994174256532106
2018-12-20,1.1932587176393443,1.1914739564997232
2018-12-21,1.1884795291750208,1.1884249256498118
2018-12-24,1.1886607267570977,1.1833617886388643
2018-12-25,1.1726652462933997,1.167658182889195
2018-12-26,1.1663756940136005,1.1756738400484115
2018-12-27,1.1863307815720483,1.1831795999317607
2018-12-28,1.1940392846555474,1.1869526846717318
2018-12-31,1.1940392846555474,1.1869526846717318
2019-01-01,1.1940392846555474,1.1869526846717318
2019-01-02,1.1757005794189108,1.1947436735687225
2019-01-03,1.1725007120521782,1.1716448091634553
2019-01-04,1.1656714860389292,1.160966720993274
2019-01-07,1.1903368561419008,1.1832449142024088
2019-01-08,1.18873489784221,1.1928861032014364
2019-01-09,1.2120407978253653,1.1954315790920764
2019-01-10,1.2104876957975348,1.2077057487909288
2019-01-11,1.2147173211957296,1.2133356061886265
2019-01-14,1.2087521596642157,1.2127342920864317
2019-01-15,1.2240923161134685,1.2128274823979657
2019-01-16,1.2251741392812059,1.223353035156112
2019-01-17,1.224203438087586,1.227487366069385
2019-01-18,1.2371033125975253,1.2276695844616672
2019-01-21,1.2414578447600937,1.2438086988177148
2019-01-22,1.240964469816488,1.2404740143791626
2019-01-23,1.2350354236146357,1.232907419816463
2019-01-24,1.2402475939034578,1.2354879403278636
2019-01-25,1.2541312302220557,1.2454564987128873
2019-01-28,1.2579110316941848,1.2569023001793445
2019-01-29,1.2531882426184326,1.2500074745218677
2019-01-30,1.2561882330581475,1.252974655093785
2019-01-31,1.2561882330581475,1.252974655093785
2019-02-01,1.2561882330581475,1.252974655093785
2019-02-04,1.2561882330581475,1.252974655093785
2019-02-05,1.2561882330581475,1.252974655093785
2019-02-06,1.2561882330581475,1.252974655093785
2019-02-07,1.2561882330581475,1.252974655093785
2019-02-08,1.2561882330581475,1.252974655093785
2019-02-11,1.2595888539608249,1.2676105374954476
2019-02-12,1.2704484322612293,1.2622832243384872
2019-02-13,1.2703144160305289,1.2733179756439026
2019-02-14,1.2697033723423143,1.2659666809505628
2019-02-15,1.2667026706692415,1.2699328283031415
2019-02-18,1.274852794433146,1.2744315456693405
2019-02-19,1.2729983007066124,1.2751487287912393
2019-02-20,1.2852248555957828,1.276137008905575
2019-02-21,1.2933731412732505,1.2847544680925413
2019-02-22,1.2956692605756173,1.2895305291092112
2019-02-25,1.3075878707842865,1.3005079310403809
2019-02-26,1.306392812113246,1.3071117480459153
2019-02-27,1.3057910661869194,1.3055869232789399
2019-02-28,1.3057910661869194,1.3055869232789399
2019-03-01,1.3057910661869194,1.3055869232789399
2019-03-04,1.3023060699948215,1.3025502060838625
2019-03-05,1.2954948347699038,1.2951192787093706
2019-03-06,1.3012517287547078,1.2949816718814058
2019-03-07,1.2960440817819878,1.2986413791915399
2019-03-08,1.28831537405592,1.288345519077372
2019-03-11,1.2886077584934736,1.2857935319879017
2019-03-12,1.2960508968599818,1.296265532248126
2019-03-13,1.3003520293428474,1.2963486103322215
2019-03-14,1.298894087951034,1.2991120072410478
2019-03-15,1.3082631735988832,1.298456019788331
2019-03-18,1.3197294282218162,1.3084970521982136
2019-03-19,1.3195721281813015,1.319369907996417
2019-03-20,1.325600789342653,1.319853279516553
2019-03-21,1.3314806669108097,1.326979564725421
2019-03-22,1.3350657622547797,1.3343028893182403
2019-03-25,1.3207953524029015,1.3155626488956207
2019-03-26,1.3316424755634262,1.3252851838817914
2019-03-27,1.334675650048005,1.3301571837180457
2019-03-28,1.332789273478938,1.3295797356565457
2019-03-29,1.3455910740851578,1.3359957772426412
2019-04-01,1.3474563041519667,1.3500169780736468
2019-04-02,1.3560666240034804,1.35365259837438
2019-04-03,1.3601095242449277,1.357889515727184
2019-04-04,1.3601095242449277,1.357889515727184
2019-04-05,1.3601095242449277,1.357889515727184
2019-04-08,1.3688888222376423,1.3654653187976173
2019-04-09,1.374278938247376,1.368868837273759
2019-04-10,1.3752288148608771,1.3692236575343586
2019-04-11,1.369946525728638,1.3764576768539454
2019-04-12,1.3692584411255506,1.3726417960194186
2019-04-15,1.375348650836342,1.3749303997570317
2019-04-16,1.3812795896150194,1.3757470452600769
2019-04-17,1.386031057545976,1.3826460983009565
2019-04-18,1.3797576950615122,1.3874558895507594
2019-04-19,1.3842318580583932,1.3841354707429598
2019-04-22,1.382935292552158,1.3888636209418914
2019-04-23,1.3909602340963054,1.381953701647046
2019-04-24,1.3917280946007642,1.394204663248423
2019-04-25,1.399566315001139,1.388800688518123
2019-04-26,1.39497244200034,1.3916894325679297
2019-04-29,1.393201511173275,1.3913874601895233
2019-04-30,1.4007940090228594,1.3911794078991513
2019-05-01,1.4007940090228594,1.3911794078991513
2019-05-02,1.4058974934126325,1.4005172610327847
2019-05-03,1.4179824309688867,1.4063668469579347
2019-05-06,1.391932776352897,1.3943035724702058
2019-05-07,1.4055513422171997,1.3938265119965532
2019-05-08,1.399510267255912,1.3894324947953305
2019-05-09,1.3729678998505885,1.3901103651582911
2019-05-10,1.3720096234868004,1.375915229351423
2019-05-13,1.3543146310866552,1.36798903525479
2019-05-14,1.3461334383854282,1.3325932199895258
2019-05-15,1.3539435976287877,1.3455958718035406
2019-05-16,1.338747741053902,1.3513527252548174
2019-05-17,1.3296465139869182,1.3444274637414797
2019-05-20,1.3338719796571668,1.3335589600444866
2019-05-21,1.3513445545066411,1.3317096811918814
2019-05-22,1.343620461583031,1.3471722734048752
2019-05-23,1.3315446233974326,1.3343467696816917
2019-05-24,1.331839467379921,1.331482296921433
2019-05-27,1.331981036680586,1.3346202322758343
2019-05-28,1.3321845438670894,1.3330995368346752
2019-05-29,1.3313901331994766,1.3217583807338427
2019-05-30,1.3437612351097696,1.3297817330522568
2019-05-31,1.3606165273673465,1.338638470120097
2019-06-03,1.3586051068063036,1.351595678703374
2019-06-04,1.3541593398896103,1.3564268158762216
2019-06-05,1.3565347849792584,1.3629677830465903
2019-06-06,1.3498848869624545,1.348164999333246
2019-06-07,1.3498848869624545,1.348164999333246
2019-06-10,1.3738197125945963,1.3617745308399816
2019-06-11,1.3720429363448579,1.3726271480823997
2019-06-12,1.3735411150359347,1.3696537856319322
2019-06-13,1.370478994537726,1.3685047547811617
2019-06-14,1.3665093565916298,1.3677591109030713
2019-06-17,1.3702282484249495,1.3649418280769203
2019-06-18,1.3735603560294238,1.3709482788078724
2019-06-19,1.4031912239175668,1.3862992254578375
2019-06-20,1.4064804057298408,1.4046093071658825
2019-06-21,1.4060017254058563,1.4084624353898791
2019-06-24,1.40922906305945,1.4014604822475987
2019-06-25,1.4007270166530568,1.4052108127590066
2019-06-26,1.3985274274680048,1.3968232473678566
2019-06-27,1.4127718388222366,1.401957649290493
2019-06-28,1.4071875427429867,1.4122125262562795
2019-07-01,1.4280938267388639,1.4220105149420865
2019-07-02,1.4233472897924249,1.4222502430796164
2019-07-03,1.4078593355854474,1.4146023385837132
2019-07-04,1.4103935381728854,1.4067906546353506
2019-07-05,1.414227486892248,1.4101637167675751
2019-07-08,1.4072584298756723,1.4057063359006154
2019-07-09,1.3991459124081465,1.4021795151301397
2019-07-10,1.409987936041219,1.4021548726795419
2019-07-11,1.4157739702812153,1.4116143242860875
2019-07-12,1.4080836206279757,1.4105113096638067
2019-07-15,1.4134673080791407,1.4070405478833057
2019-07-16,1.408095477391579,1.409572632219635
2019-07-17,1.404140273607347,1.401949493464207
2019-07-18,1.3989809532283342,1.4009585686433177
2019-07-19,1.4092747609797909,1.40583197644354
2019-07-22,1.413243477510923,1.405258703060277
2019-07-23,1.4132580993103083,1.4144325058878935
2019-07-24,1.4109191584855327,1.4122644060678216
2019-07-25,1.4135447686328868,1.4070077144189919
2019-07-26,1.4094947684408254,1.4064639415853575
2019-07-29,1.407485933968561,1.4019002600406063
2019-07-30,1.4019455727014798,1.4086943263667324
2019-07-31,1.3964063576236616,1.3946935312606734
2019-08-01,1.38743928240432,1.38144349593538
2019-08-02,1.3632698067678473,1.3642375282508588
2019-08-05,1.3542035889395614,1.355527693518249
2019-08-06,1.3449990725710523,1.3205193013763314
2019-08-07,1.3477196982591275,1.3490884823361142
2019-08-08,1.3569109194557947,1.3471928673576679
2019-08-09,1.3569109194557947,1.3471928673576679
2019-08-12,1.3597410978451336,1.348953193175861
2019-08-13,1.3439497151602446,1.3527140595237206
2019-08-14,1.353641606070557,1.356881032753958
2019-08-15,1.343064839745697,1.3335698093907826
2019-08-16,1.355689994385353,1.341794031247466
2019-08-19,1.3665804813614464,1.3603581849561623
2019-08-20,1.371869531420986,1.3670013734754554
2019-08-21,1.3683580994958557,1.3695101049120808
2019-08-22,1.373639967625753,1.3733715736516177
2019-08-23,1.3771743095315032,1.3727501750974516
2019-08-26,1.3503204170435839,1.3495828180221898
2019-08-27,1.3534305732417176,1.356661886848798
2019-08-28,1.3590090847212395,1.3532139487800892
2019-08-29,1.3623691544042813,1.3578806233157625
2019-08-30,1.3873850541360384,1.3697587393768327
2019-09-02,1.389347760104853,1.3864427809372553
2019-09-03,1.3771810478498496,1.389084991398583
2019-09-04,1.3884556853849688,1.3785483067692668
2019-09-05,1.4024857402273776,1.3927951455358383
2019-09-06,1.409626931303259,1.405129446406918
2019-09-09,1.409626931303259,1.405129446406918
2019-09-10,1.4124516834495464,1.4147815729641453
2019-09-11,1.4207767010780772,1.4147439255986969
2019-09-12,1.4258898015604768,1.4279088775471103
2019-09-13,1.4258898015604768,1.4279088775471103
2019-09-16,1.4335358273741854,1.4274606187464671
2019-09-17,1.4344916522660853,1.431120231751195
2019-09-18,1.4426086156313187,1.433199864574242
2019-09-19,1.4420808370808582,1.4429292838343972
2019-09-20,1.4502669762481912,1.4410088135190764
2019-09-23,1.4475476009512218,1.4465270555071665
2019-09-24,1.4453848382043197,1.4465680582291869
2019-09-25,1.4358267565387637,1.4375191017884008
2019-09-26,1.4360586569066756,1.4390757757589843
2019-09-27,1.4241782760040993,1.4338360476047975
2019-09-30,1.4241782760040993,1.4338360476047975
2019-10-01,1.4391763888170546,1.4340780119535494
2019-10-02,1.435427116736144,1.4280614116252779
2019-10-03,1.4279132384314284,1.4151716868390969
2019-10-04,1.433581414104591,1.427070340135552
2019-10-07,1.43883513883349,1.4355319811871285
2019-10-08,1.4436881261593966,1.4389807839362045
2019-10-09,1.4256272737958613,1.433550111899073
2019-10-10,1.4256272737958613,1.433550111899073
2019-10-11,1.4256272737958613,1.433550111899073
2019-10-14,1.451431179437588,1.4421444186137822
2019-10-15,1.452979391150339,1.4504912636039293
2019-10-16,1.4579696653122691,1.4562272076328608
2019-10-17,1.4646690813947558,1.4553022879964483
2019-10-18,1.4670549261760535,1.4643960079594636
2019-10-21,1.4684706644381185,1.4646583662018633
2019-10-22,1.4834617924819131,1.4723467065643554
2019-10-23,1.4810472655362443,1.4784194478465449
2019-10-24,1.495013942432319,1.4829617259526073
2019-10-25,1.4897931584368973,1.4942167906971446
2019-10-28,1.4925171085104108,1.4931361242134098
2019-10-29,1.4903564346447389,1.4954873776780213
2019-10-30,1.4965703851928296,1.4876233395702507
2019-10-31,1.4940303814918918,1.4984705331267394
2019-11-01,1.502999533201482,1.4913960552314023
2019-11-04,1.5171590929405634,1.5074987720102269
2019-11-05,1.5303209391514636,1.5175216970765049
2019-11-06,1.5319196314833774,1.5301688863360843
2019-11-07,1.5269281800775034,1.5296107203046243
2019-11-08,1.5312118355758644,1.532502243806844
2019-11-11,1.5177256041880924,1.5295951816980529
2019-11-12,1.5288095088959823,1.5223665815304224
2019-11-13,1.5239319962528142,1.5208342545377709
2019-11-14,1.5240743450070742,1.5249437937196735
2019-11-15,1.534394551569331,1.531008572399511
2019-11-18,1.5427211016279692,1.5349069730742808
2019-11-19,1.5484838160177905,1.533738173922706
2019-11-20,1.5461847234537367,1.5441925343086726
2019-11-21,1.531266184715893,1.5273475899592546
2019-11-22,1.5361196996404138,1.5317494287436366
2019-11-25,1.5393127108758586,1.537090840872543
2019-11-26,1.5404105430853896,1.5420545287317216
2019-11-27,1.5448514066880388,1.540100364299019
2019-11-28,1.5420306935147263,1.5426698461058312
2019-11-29,1.5232448236931253,1.539520947937721
2019-12-02,1.5221440123356218,1.5231653391973627
2019-12-03,1.5333247208288705,1.515666571331725
2019-12-04,1.5280129155984803,1.5287580963718337
2019-12-05,1.5373201442535227,1.5304520964001598
2019-12-06,1.5404183012211674,1.5405525374315425
2019-12-09,1.544726261193323,1.5424009403264634
2019-12-10,1.5435346741241471,1.5406002757381227
2019-12-11,1.548559535228167,1.5418142404947692
2019-12-12,1.5574581091479311,1.5513793472881399
2019-12-13,1.5663796647159274,1.565546622387506
2019-12-16,1.5691997925235075,1.5663210076912157
2019-12-17,1.5853071053596182,1.5684965860531506
2019-12-18,1.5879741603156237,1.5801589723209404
2019-12-19,1.5831668639871288,1.5873658564331077
2019-12-20,1.5794284380047994,1.5832465515686496
2019-12-23,1.5822050310975748,1.5776336031582059
2019-12-24,1.5749100091472619,1.5793954203615677
2019-12-25,1.5777222929303811,1.5723071233778831
2019-12-26,1.5752837117565328,1.577910181463743
2019-12-27,1.5886910066104534,1.579737926004545
2019-12-30,1.5862358793011995,1.587043871213038
2019-12-31,1.5790713182678315,1.5797580231146118
2020-01-01,1.5790713182678315,1.5797580231146118
2020-01-02,1.587114261776753,1.5830094597439532
2020-01-03,1.5884597734389225,1.5933720194877377
2020-01-06,1.5706256543520325,1.5764127999471975
2020-01-07,1.5617870716209608,1.5683349669854372
2020-01-08,1.5495462378819382,1.5501174283230637
2020-01-09,1.5692160512499647,1.5577172939282893
2020-01-10,1.5796500055437448,1.5713484658198311
2020-01-13,1.5935002738546773,1.5852646508124513
2020-01-14,1.602258513686623,1.595530171237952
2020-01-15,1.5937942848003988,1.5996380513844486
2020-01-16,1.5967049790895225,1.5902702147830559
2020-01-17,1.6032274433625777,1.599465017359355
2020-01-20,1.6089850605586025,1.6032588569456094
2020-01-21,1.6089850605586025,1.6032588569456094
2020-01-22,1.6089850605586025,1.6032588569456094
2020-01-23,1.6089850605586025,1.6032588569456094
2020-01-24,1.6089850605586025,1.6032588569456094
2020-01-27,1.6089850605586025,1.6032588569456094
2020-01-28,1.6089850605586025,1.6032588569456094
2020-01-29,1.6089850605586025,1.6032588569456094
2020-01-30,1.5116789894733742,1.554354184712652
2020-01-31,1.5171748375095244,1.5159775717623456
2020-02-03,1.506642530080916,1.4816514149038338
2020-02-04,1.5325685807685399,1.5728548590078015
2020-02-05,1.5323513697700053,1.538861657989037
2020-02-06,1.5574991041487145,1.5442377696355458
2020-02-07,1.5396182829236533,1.5476745538172059
2020-02-10,1.537753747326052,1.5226295567633044
2020-02-11,1.5498249707883351,1.545773591787145
2020-02-12,1.5618298523066343,1.5543165286118
2020-02-13,1.567014706607826,1.5677708683229674
2020-02-14,1.5687316197260923,1.5666086080026562
2020-02-17,1.564272523597862,1.5614237540477023
2020-02-18,1.5566529633350545,1.5596918187345483
2020-02-19,1.5703479746781932,1.5621607744437391
2020-02-20,1.5627701626340553,1.578411608399158
2020-02-21,1.5543177916432163,1.5622763388334557
2020-02-24,1.5331951356455362,1.5380351217560484
2020-02-25,1.5326442630003445,1.520621448493261
2020-02-26,1.5164283878117553,1.5166067205588203
2020-02-27,1.4974868419984682,1.516270894672287
2020-02-28,1.4974868419984682,1.516270894672287
2020-03-02,1.4798774225767932,1.467904487554542
2020-03-03,1.5005162157711638,1.5031669572916388
2020-03-04,1.5118667028207766,1.5014706248658074
2020-03-05,1.5287467020606313,1.525262629262105
2020-03-06,1.5043207282695765,1.5211472701543893
2020-03-09,1.4577753262881026,1.478081097944958
2020-03-10,1.4626086611389137,1.4405234540593972
2020-03-11,1.4491956028724022,1.4674696310293538
2020-03-12,1.3810377139529013,1.4382445709535139
2020-03-13,1.344920569690941,1.2942471473185926
2020-03-16,1.2857801491761893,1.3414263300633973
2020-03-17,1.2466716813466368,1.2456629173225073
2020-03-18,1.2188225911834851,1.250545485870051
2020-03-19,1.1435000006070282,1.1867522330271538
2020-03-20,1.2138307756814886,1.1705707939415761
2020-03-23,1.1703763894851091,1.1637084437079257
2020-03-24,1.2291833512456198,1.219910939322591
2020-03-25,1.2845726097201606,1.2751905307061815
2020-03-26,1.2988145783858123,1.3051316274556897
2020-03-27,1.3032729899579678,1.3324222723390364
2020-03-30,1.2958995271141909,1.277115690781802
2020-03-31,1.300416922706295,1.3160655252265994
2020-04-01,1.2900929493387538,1.304306539396624
2020-04-02,1.2900929493387538,1.304306539396624
2020-04-03,1.2900929493387538,1.304306539396624
2020-04-06,1.318735195054008,1.3186709515251749
2020-04-07,1.3372293337010306,1.3458702195837868
2020-04-08,1.3525053922408963,1.3406086585190564
2020-04-09,1.3534165830196234,1.365052540196072
2020-04-10,1.36816283395385,1.3602279950249259
2020-04-13,1.3584583499098288,1.369022578575567
2020-04-14,1.3924934556191026,1.370851367653843
2020-04-15,1.407662999847111,1.4049348165213391
2020-04-16,1.39505288062374,1.396813524180662
2020-04-17,1.4105446505261106,1.4219060308607716
2020-04-20,1.4063109360031003,1.4148417480441715
2020-04-21,1.3674508312176654,1.4009354029813939
2020-04-22,1.3718656752516432,1.3594622105306569
2020-04-23,1.377728303323614,1.381401479544513
2020-04-24,1.3765479095014814,1.3822053641725247
2020-04-27,1.410950595916788,1.4018802320124895
2020-04-28,1.424657684390384,1.4250050930146485
2020-04-29,1.4541625363130053,1.4373677446718396
2020-04-30,1.4883728002510315,1.4733796221661957
2020-05-01,1.4883728002510315,1.4733796221661957
2020-05-04,1.4478453979740524,1.4388567833817705
2020-05-05,1.4535340163324915,1.4626277111317931
2020-05-06,1.4533756891558316,1.4581083273427127
2020-05-07,1.4600139269674481,1.4626745200155205
2020-05-08,1.471377252967174,1.4811321169939982
2020-05-11,1.486471100683765,1.4921304189725877
2020-05-12,1.4691173413608767,1.4809482298115695
2020-05-13,1.4772911167914735,1.4688200137034548
2020-05-14,1.4584424732188037,1.4756472908317853
2020-05-15,1.4589019693256822,1.4736901128761994
2020-05-18,1.4514717735149965,1.4582121331377487
2020-05-19,1.4691626561665077,1.486148793439552
2020-05-20,1.4712133660987727,1.4822550218640687
2020-05-21,1.4827178491986912,1.4813032548928222
2020-05-22,1.4551030424823923,1.4798037224362237
2020-05-25,1.4627874834664825,1.4651143638181998
2020-05-26,1.4801528784930635,1.478010428015228
2020-05-27,1.4803504309258375,1.490625230104742
2020-05-28,1.476307119127184,1.4958474404950517
2020-05-29,1.4797353840474659,1.4741039939068572
2020-06-01,1.4998028183234533,1.4973921646436712
2020-06-02,1.5065294825588367,1.5118615234301298
2020-06-03,1.5357427940142463,1.529872544007331
2020-06-04,1.5439900937319049,1.5532854692395024
2020-06-05,1.5467969593971793,1.5519961284541746
2020-06-08,1.5612854258301676,1.5622407397254243
2020-06-09,1.5639085436299096,1.567579217253591
2020-06-10,1.5766148952281802,1.5705654861859648
2020-06-11,1.5503806765147086,1.580206018387158
2020-06-12,1.5373529210860182,1.5225916381454274
2020-06-15,1.5250024111337395,1.5417945123949601
2020-06-16,1.5540723767380245,1.5472683546060269
2020-06-17,1.5588313415084554,1.562363135652599
2020-06-18,1.5588006368504168,1.5676086633175959
2020-06-19,1.5601088106804581,1.5683476785519073
2020-06-22,1.5713239748723051,1.5676495500805248
2020-06-23,1.5755477888920175,1.5837178864111707
2020-06-24,1.5809653166815296,1.5871545569920378
2020-06-25,1.5809653166815296,1.5871545569920378
2020-06-26,1.5809653166815296,1.5871545569920378
2020-06-29,1.5668519365840607,1.5731067238293637
2020-06-30,1.5765631003911507,1.5801315445794588
2020-07-01,1.5842697669369477,1.5819435900824272
2020-07-02,1.5968649836580469,1.5910904040905995
2020-07-03,1.6105159415189845,1.6140822877622583
2020-07-06,1.637571076486032,1.6270218131584222
2020-07-07,1.6297554511133772,1.6521936942819133
2020-07-08,1.6339284338022393,1.636051358291779
2020-07-09,1.6337908878956133,1.6499916469975455
2020-07-10,1.6108782363207848,1.6403161053169426
2020-07-13,1.625604314834898,1.6261391520259987
2020-07-14,1.6129309331530501,1.627160838748935
2020-07-15,1.6128851912777826,1.6286571712242275
2020-07-16,1.6101349915478105,1.6243394372987159
2020-07-17,1.6050690808789445,1.6263833473647986
2020-07-20,1.604253812094762,1.6100260149110686
2020-07-21,1.620432566342082,1.6209859363476147
2020-07-22,1.6355019940544806,1.630882189342866
2020-07-23,1.6338958110665978,1.6382543575062791
2020-07-24,1.606840750599484,1.6325823306010112
2020-07-27,1.610232413982054,1.6218467553390923
2020-07-28,1.6024976727150133,1.6212817238047028
2020-07-29,1.613052227531102,1.611128170735043
2020-07-30,1.631471339311738,1.6356395289275176
2020-07-31,1.6332117579442826,1.637903564711246
2020-08-03,1.618728143501935,1.6409132352894056
2020-08-04,1.643569043307515,1.6368231631343246
2020-08-05,1.6541767338325404,1.6585792876600942
2020-08-06,1.6712644936125962,1.6734631437504865
2020-08-07,1.6536268892815993,1.6767058811874525
2020-08-10,1.662088830599142,1.6630941897991993
2020-08-11,1.6549072471125648,1.670154755156418
2020-08-12,1.646418929472877,1.659895312077025
2020-08-13,1.6518788242308216,1.6633741432856526
2020-08-14,1.662713416222989,1.6603061838236939
2020-08-17,1.6802246400223746,1.676956322472198
2020-08-18,1.6687706789207433,1.685849419848786
2020-08-19,1.6597512005007469,1.68088810263394
2020-08-20,1.6044142471514287,1.6613376620682179
2020-08-21,1.6264289976633917,1.634545055182889
2020-08-24,1.6276061584658286,1.6341384718287773
2020-08-25,1.6374041552872358,1.64386407509774
2020-08-26,1.6370293745471485,1.6445559641951724
2020-08-27,1.6254924945595288,1.6492062296758498
2020-08-28,1.6228358956526747,1.6298370864056724
2020-08-31,1.601812706059231,1.6414834822137974
2020-09-01,1.6130402374613753,1.6126462682675724
2020-09-02,1.6109823196203243,1.6286522967063075
2020-09-03,1.620977654421947,1.626709748442595
2020-09-04,1.6042597311398037,1.6053936081439204
2020-09-07,1.6046087374364693,1.6174702604484155
2020-09-08,1.607017180636656,1.619450363354231
2020-09-09,1.5954874152401262,1.6003296974218073
2020-09-10,1.601779709017268,1.610856404575176
2020-09-11,1.6007489292703183,1.608895619739932
2020-09-14,1.6159086525120558,1.61437842113879
2020-09-15,1.6190058339549374,1.6243669941431318
2020-09-16,1.6290126751911926,1.6340042746012302
2020-09-17,1.621060221830683,1.6316175106507536
2020-09-18,1.627938808622775,1.6325731324020687
2020-09-21,1.61637710427255,1.6333858363580285
2020-09-22,1.5966141573363468,1.6193078097445621
2020-09-23,1.5908620521740935,1.607744641293105
2020-09-24,1.5523033181355759,1.5809133802997528
2020-09-25,1.5505511903729956,1.5700525791491151
2020-09-28,1.583498672192161,1.569229837896033
2020-09-29,1.5860795292357397,1.6030096211767215
2020-09-30,1.596786196562708,1.6021080654477045
2020-10-01,1.596786196562708,1.6021080654477045
2020-10-02,1.596786196562708,1.6021080654477045
2020-10-05,1.5957281764152664,1.6155278618833298
2020-10-06,1.6128823224232338,1.615156077036772
2020-10-07,1.6130128735416,1.6156169560227174
2020-10-08,1.629434351352633,1.6302972648631806
2020-10-09,1.629434351352633,1.6302972648631806
2020-10-12,1.632249435174099,1.6425084961028906
2020-10-13,1.6270377699427125,1.6378178127441654
2020-10-14,1.6242394072503596,1.6336963185982478
2020-10-15,1.6169228724829154,1.6284702658503065
2020-10-16,1.6081710830906084,1.6270319193077678
2020-10-19,1.6184095788530921,1.6231592278157327
2020-10-20,1.621848535380088,1.627322340772875
2020-10-21,1.6196643523504881,1.6358596133468863
2020-10-22,1.6253374159610519,1.6237780212115513
2020-10-23,1.624906895812231,1.635177131026405
2020-10-26,1.6333768303442675,1.637813904355816
2020-10-27,1.628356501106189,1.6296202346285809
2020-10-28,1.6169106536763536,1.632288307664678
2020-10-29,1.5977455100190732,1.6031523397852863
2020-10-30,1.591929598967279,1.6017946179125142
2020-11-02,1.5971045898108014,1.6022105171702965
2020-11-03,1.6150343748240703,1.6134177779334578
2020-11-04,1.625299152487605,1.6230402029293407
2020-11-05,1.6344283581895604,1.6378524564629218
2020-11-06,1.64535460261859,1.6455243619593976
2020-11-09,1.6676738977900505,1.6708976389685157
2020-11-10,1.673570165122712,1.682819369598835
2020-11-11,1.702782335036942,1.685558529289697
2020-11-12,1.6928377716124798,1.7140208241388335
2020-11-13,1.6996383541962636,1.7003956440817904
2020-11-16,1.7215294118461646,1.7225109729218737
2020-11-17,1.7308961971614318,1.7399972358251146
2020-11-18,1.7471717027350113,1.7420048664842203
2020-11-19,1.7431099956488396,1.7535401250710607
2020-11-20,1.7454988616762575,1.7518238734600027
2020-11-23,1.7643458699780854,1.7664239012541054
2020-11-24,1.7584237687376496,1.7799962046163076
2020-11-25,1.749092332839835,1.7757065009660733
2020-11-26,1.766891954646384,1.7624085075221112
2020-11-27,1.7690366108344235,1.7733867253458533
2020-11-30,1.749624817634551,1.7851603447629094
2020-12-01,1.7684015713467176,1.7659240959854468
2020-12-02,1.773713029121042,1.7773498332093094
2020-12-03,1.7783366851410247,1.7831345504610068
2020-12-04,1.7934398378317087,1.79648466667721
2020-12-07,1.7990364251834132,1.81444197302359
2020-12-08,1.8037320806803658,1.8038550608200996
2020-12-09,1.8159121419786342,1.8149725821797236
2020-12-10,1.808513356344734,1.8205536974834382
2020-12-11,1.810494512030758,1.8238529126202165
2020-12-14,1.8093175143220481,1.8202511146299356
2020-12-15,1.7905797762265314,1.8142837008969142
2020-12-16,1.8225488643559726,1.814576664301201
2020-12-17,1.817869936109785,1.8335606575212433
2020-12-18,1.8159394658757861,1.8292690962542195
2020-12-21,1.8309531315214176,1.8257146643412485
2020-12-22,1.8046544747873514,1.8328758216241041
2020-12-23,1.8086220985375014,1.8131672129507415
2020-12-24,1.8184040422722123,1.825289838287487
2020-12-25,1.824837639424597,1.837145486975829
2020-12-28,1.8453715289816208,1.8407782567446707
2020-12-29,1.8473454218994083,1.860106736508149
2020-12-30,1.8782730691715188,1.8590152868334189
2020-12-31,1.878443452972597,1.8940323710946854
2021-01-01,1.878443452972597,1.8940323710946854
2021-01-04,1.8946506190346923,1.8847806925805368
2021-01-05,1.9057316583366506,1.903941231799019
2021-01-06,1.900923211209513,1.9197925308023993
2021-01-07,1.9208774878426715,1.9208530010945628
2021-01-08,1.9483825286615388,1.9397768200034997
2021-01-11,1.9659600761318796,1.9576560015654794
2021-01-12,1.9464292484431247,1.975278521001262
2021-01-13,1.9700062641056058,1.965672798926866
2021-01-14,1.9719488552902673,1.9807553017561632
2021-01-15,1.9515955824990074,1.992676366427998
2021-01-18,1.9392348072001022,1.9574338801052409
2021-01-19,1.9584578104688444,1.9564204885239884
2021-01-20,1.9172360702151465,1.9692216243912373
2021-01-21,1.941932897986248,1.9397904135973902
2021-01-22,1.9480700029413742,1.9540322586173715
2021-01-25,1.9586849866299916,1.9607938466356838
2021-01-26,1.9300440604168578,1.9717771865251472
2021-01-27,1.937091767078592,1.9530309309905707
2021-01-28,1.9108633404422803,1.9194064132871727
2021-01-29,1.8712710601936486,1.9249613333283153
2021-02-01,1.8939269482939647,1.8846862985006416
2021-02-02,1.927589573993181,1.9135448922206968
2021-02-03,1.9280799083369236,1.9473387832203335
2021-02-04,1.9201895609592854,1.9271793901006007
2021-02-05,1.936432649385733,1.9394082212761004
2021-02-08,1.936432649385733,1.9394082212761004
2021-02-09,1.936432649385733,1.9394082212761004
2021-02-10,1.936432649385733,1.9394082212761004
2021-02-11,1.936432649385733,1.9394082212761004
2021-02-12,1.936432649385733,1.9394082212761004
2021-02-15,1.936432649385733,1.9394082212761004
2021-02-16,1.936432649385733,1.9394082212761004
2021-02-17,1.994651461235114,1.988405133221206
2021-02-18,2.0063658397731845,2.010267579120391
2021-02-19,1.9974837419786977,2.0130704363247416
2021-02-22,2.0093148648344643,2.024340225600553
2021-02-23,2.027675023167382,2.0163392129840023
2021-02-24,2.0111437394241074,2.038231224798507
2021-02-25,2.0377821066141153,2.0472734879946657
2021-02-26,1.984243331844411,2.0213471955854474
2021-03-01,1.984243331844411,2.0213471955854474
2021-03-02,1.985744542356733,2.028988720079483
2021-03-03,2.0099958208775894,2.0121870673517983
2021-03-04,1.9831128906357314,2.0139492067470606
2021-03-05,1.9743993186660815,1.9678097894315074
2021-03-08,1.9755036396025707,2.0058094911829585
2021-03-09,1.9871846520814755,1.9888005221746035
2021-03-10,1.996425934383931,2.0132786583505577
2021-03-11,2.0253863325827837,2.019252909261773
2021-03-12,2.0320755400761743,2.047417592480674
2021-03-15,2.034218348152857,2.0406968025570125
2021-03-16,2.041076724416034,2.052294799964222
2021-03-17,2.03546826737371,2.0554180699410574
2021-03-18,2.0540559213161145,2.0627804008683794
2021-03-19,2.0330091796932783,2.053634780299744
2021-03-22,2.044179486330126,2.049383170973537
2021-03-23,2.044196138886109,2.0632980882638714
2021-03-24,2.0401141255060518,2.0494170653458657
2021-03-25,2.0511026326682584,2.0498249515086067
2021-03-26,2.073719623542162,2.072148793598446
2021-03-29,2.0876513282050757,2.0980114222303405
2021-03-30,2.1012519464360526,2.1067718016814774
2021-03-31,2.0935864305812752,2.1143953169284426
2021-04-01,2.0994135928068527,2.119191659063565
2021-04-02,2.0994135928068527,2.119191659063565
2021-04-05,2.0994135928068527,2.119191659063565
2021-04-06,2.0994135928068527,2.119191659063565
2021-04-07,2.121004248311158,2.128616352024724
2021-04-08,2.1297873952445903,2.128930389469098
2021-04-09,2.119255222300048,2.14372721467661
2021-04-12,2.1205848507276728,2.1400294195316505
2021-04-13,2.118206645322031,2.1368544693590805
2021-04-14,2.1196854443231525,2.1336243715396996
2021-04-15,2.135003015826239,2.1310380227483767
2021-04-16,2.15743288909255,2.1500518259579304
2021-04-19,2.181129608920121,2.1792749526751614
2021-04-20,2.1939948486558993,2.201111402717171
2021-04-21,2.1741728564799834,2.1970113656138848
2021-04-22,2.1636193832783106,2.2020915870821742
2021-04-23,2.1794025283373837,2.1839171934587096
2021-04-26,2.2199749214265587,2.207029338520541
2021-04-27,2.2210842977983454,2.2367089151074446
2021-04-28,2.230920854782771,2.236998191645972
2021-04-29,2.2249849795042738,2.2473108912876376
2021-04-30,2.2249849795042738,2.2473108912876376
2021-05-03,2.1975239138742233,2.241732697691926
2021-05-04,2.156898591527587,2.2176150186316823
2021-05-05,2.1439081788212366,2.1778605676070173
2021-05-06,2.1706677585763856,2.170006621824143
2021-05-07,2.199913536924625,2.200117168033048
2021-05-10,2.2107429500537035,2.2230412938003137
2021-05-11,2.1324428192886025,2.1912763329615226
2021-05-12,2.0509703231278893,2.1358681924167793
2021-05-13,2.0343748621189457,2.03858119450092
2021-05-14,2.056997605418839,2.0693712979818013
2021-05-17,1.9940563784761978,2.0046826830086424
2021-05-18,2.0906464597851713,2.039775197807758
2021-05-19,2.0869546805222012,2.0982586731668555
2021-05-20,2.074743949012595,2.092951380261629
2021-05-21,2.107305238094651,2.1256954963633112
2021-05-24,2.1145235865669116,2.1097234412311603
2021-05-25,2.136848634184082,2.139703689283024
2021-05-26,2.1350938409158213,2.1627983551748255
2021-05-27,2.1265168295996206,2.140054869064031
2021-05-28,2.159993197524019,2.1595685672218137
2021-05-31,2.1921849719493665,2.187124980491886
2021-06-01,2.2000234611069636,2.217840679936487
2021-06-02,2.202279954062443,2.226855714011148
2021-06-03,2.2136460311957196,2.2308679538217175
2021-06-04,2.200893691426368,2.21322352836519
2021-06-07,2.1965629307833825,2.2217974835737095
2021-06-08,2.2004353585826824,2.2262459829955636
2021-06-09,2.182256203223335,2.2141918033920946
2021-06-10,2.201207304121906,2.207272321303934
2021-06-11,2.200024871450036,2.2228029579111106
2021-06-14,2.200024871450036,2.2228029579111106
2021-06-15,2.2145080255055807,2.226974590503655
2021-06-16,2.2125094783639403,2.226316231992609
2021-06-17,2.215303418039208,2.2108547596432957
2021-06-18,2.1989450268948922,2.2292679430577675
2021-06-21,2.1786748799966555,2.2055238946660505
2021-06-22,2.187922560748116,2.2127047181229
2021-06-23,2.217337428369763,2.2130971097153727
2021-06-24,2.2276562925873007,2.240287450175988
2021-06-25,2.240380131355467,2.259221092111308
2021-06-28,2.2448561013576143,2.2667765150494046
2021-06-29,2.239676544339061,2.2672497315190463
2021-06-30,2.2487130901697534,2.262837251954751
2021-07-01,2.2387623276076334,2.2717512131186877
2021-07-02,2.2475793378003375,2.264060181881
2021-07-05,2.283160898182318,2.2852950659240143
2021-07-06,2.283572528482275,2.309543004191361
2021-07-07,2.276243814558289,2.2979716108834305
2021-07-08,2.281441690583096,2.2998840336333637
2021-07-09,2.2609992086068527,2.272864202085101
2021-07-12,2.2691305361582623,2.3051475787519844
2021-07-13,2.2750003204009985,2.3039233822065923
2021-07-14,2.2728893680301843,2.2968236379373965
2021-07-15,2.2976450296218363,2.2984220688439687
2021-07-16,2.306692478616139,2.3047481028333516
2021-07-19,2.2997796291483015,2.3153985223222815
2021-07-20,2.2664803847677795,2.300802917841924
2021-07-21,2.264342393901415,2.298374616445731
2021-07-22,2.2811952804352513,2.2941305313508358
2021-07-23,2.2746993122667036,2.3078604702490284
2021-07-26,2.2540486545403273,2.2937939425500713
2021-07-27,2.2438029957819463,2.277725692142626
2021-07-28,2.218784879964373,2.2478430974085217
2021-07-29,2.2515483124528517,2.2538626166216993
2021-07-30,2.241438536122491,2.2730170538167527
2021-08-02,2.265456404764194,2.266520636641486
2021-08-03,2.2701798767640513,2.2852337201600657
2021-08-04,2.2730006828931772,2.291508277588285
2021-08-05,2.276575855495657,2.294476096124182
2021-08-06,2.2661519283758658,2.293124261787721
2021-08-09,2.25839552836323,2.275883965493569
2021-08-10,2.2404961641905925,2.275794873236851
2021-08-11,2.2360643269822837,2.2541729443914384
2021-08-12,2.226020080525109,2.2464457431315457
2021-08-13,2.1955189923760314,2.240535576355955
2021-08-16,2.17355818094841,2.1989464544871633
2021-08-17,2.1736080843809864,2.1927055125994785
2021-08-18,2.187564806227253,2.163573991280683
2021-08-19,2.1381565188877536,2.1921537850062003
2021-08-20,2.13919604135716,2.172797944693079
2021-08-23,2.179313481829276,2.1783247974710562
2021-08-24,2.1910692712158144,2.21340592877961
2021-08-25,2.2083483858222928,2.2145647977626735
2021-08-26,2.1958512494447677,2.2278392691628337
2021-08-27,2.223623068223992,2.209185876469023
2021-08-30,2.252851493246575,2.2516006565057283
2021-08-31,2.25945300967671,2.2648932907144217
2021-09-01,2.254795080397124,2.2665068081121564
2021-09-02,2.2383997075504722,2.2713188541265543
2021-09-03,2.2581439316527496,2.270331877429062
2021-09-06,2.2496062444936573,2.279071430363647
2021-09-07,2.2441040779598844,2.2720483115577994
2021-09-08,2.2307826878848522,2.2640170419933074
2021-09-09,2.2299231703122318,2.2369729757086767
2021-09-10,2.2561074868832858,2.251215830348743
2021-09-13,2.2587509806871826,2.274020787777535
2021-09-14,2.261680350058149,2.285240638182396
2021-09-15,2.255692354526233,2.277308584523421
2021-09-16,2.257625237399006,2.279009424014048
2021-09-17,2.246851592320926,2.276619443864316
2021-09-20,2.246851592320926,2.276619443864316
2021-09-21,2.246851592320926,2.276619443864316
2021-09-22,2.2103418782976525,2.221926817040075
2021-09-23,2.239036592646816,2.248856183448536
2021-09-24,2.2501523637173775,2.2729642402702317
2021-09-27,2.24960389710318,2.2703925827770863
2021-09-28,2.240939775688001,2.256214333753784
2021-09-29,2.2074153783762345,2.231226733450762
2021-09-30,2.221143305600532,2.2263803789717644
2021-10-01,2.1730289481078335,2.2234963758470427
2021-10-04,2.1537106720695562,2.203204138719629
2021-10-05,2.1558057431523427,2.151557673401993
2021-10-06,2.1526049681858823,2.188070210489762
2021-10-07,2.19134670864763,2.1942162104877916
2021-10-08,2.1833686377827637,2.2150738383836877
2021-10-11,2.1833686377827637,2.2150738383836877
2021-10-12,2.161066428934388,2.1798306849397937
2021-10-13,2.1507958941430427,2.18986502089329
2021-10-14,2.1485038109295145,2.1851350973324255
2021-10-15,2.179723942047776,2.186357889462328
2021-10-18,2.1795773589470473,2.2050869094490726
2021-10-19,2.1967262133357965,2.21061488408715
2021-10-20,2.194866996913329,2.2225258906945284
2021-10-21,2.1962960644409604,2.2167979685936183
2021-10-22,2.1929562651364836,2.2168219504205764
2021-10-25,2.199410356234054,2.2076556427405065
2021-10-26,2.2237769275054484,2.2345086560261045
2021-10-27,2.2351434466444653,2.244059600458916
2021-10-28,2.229714534004852,2.2525557355425394
2021-10-29,2.2231175128969003,2.2506169821357465
2021-11-01,2.235489732932077,2.2596197012843104
2021-11-02,2.2365130917401497,2.267045772910506
2021-11-03,2.2433719707342403,2.2584381748032283
2021-11-04,2.2413627583902764,2.276186280332273
2021-11-05,2.2662141865218453,2.2662228187794
2021-11-08,2.2796508393001385,2.2876148152721942
2021-11-09,2.288163333194652,2.303005215401816
2021-11-10,2.2898860693416228,2.3046658028883003
2021-11-11,2.282049345859759,2.300629361067057
2021-11-12,2.300002699198484,2.3103826127893274
2021-11-15,2.314129248651286,2.3309433587252752
2021-11-16,2.324003855370039,2.3372197332353744
2021-11-17,2.3376551301192996,2.3466599809358826
2021-11-18,2.347560088007389,2.3615537141359724
2021-11-19,2.3349875758415735,2.3750537868964767
2021-11-22,2.3347746892715153,2.3582309372801333
2021-11-23,2.3225657455809787,2.3503406192544722
2021-11-24,2.3286335462365737,2.345473078319118
2021-11-25,2.3294604516631194,2.352497497691232
2021-11-26,2.288726852251165,2.3335491654572795
2021-11-29,2.2866380902039873,2.2894892017146615
2021-11-30,2.289003206433216,2.3164525543056462
2021-12-01,2.3167278259373703,2.3013900864912684
2021-12-02,2.3279018742985538,2.3324097567732003
2021-12-03,2.332224421178607,2.353218007881542
2021-12-06,2.343138543547747,2.3499804620078057
2021-12-07,2.3551195161628486,2.364401133805856
2021-12-08,2.363324231989851,2.3954080961430155
2021-12-09,2.3677543982388443,2.3872679066012754
2021-12-10,2.3585509862674123,2.3810197076588566
2021-12-13,2.3514158997602337,2.3880009668355275
2021-12-14,2.3345347717492917,2.361747202055307
2021-12-15,2.337518154523809,2.3527231642433097
2021-12-16,2.347275717662603,2.3708914142900994
2021-12-17,2.356350879343702,2.3621952785792786
2021-12-20,2.340250670514313,2.3674083857243926
2021-12-21,2.360610259777742,2.3669241848536644
2021-12-22,2.366109503038508,2.3907204635172614
2021-12-23,2.3807577169620897,2.3963149810663866
2021-12-24,2.384451915037232,2.4098825042220495
2021-12-27,2.396405618504898,2.410625690335273
2021-12-28,2.410880129098326,2.4263537030692124
2021-12-29,2.4156739881596456,2.4385928498185603
2021-12-30,2.4131458061373943,2.439177403703671
2021-12-31,2.4131458061373943,2.439177403703671
2022-01-03,2.4040724661348527,2.447274233801292
2022-01-04,2.4187060821030606,2.433175632898612
2022-01-05,2.424120096306884,2.433805449947211
2022-01-06,2.4157347257359714,2.435805785788587
2022-01-07,2.4051326304585197,2.4460179332295993
2022-01-10,2.4093097373260304,2.4206072602965074
2022-01-11,2.420102739034875,2.4277766960208016
2022-01-12,2.427989313113008,2.4529077514718245
2022-01-13,2.4446124593159495,2.4525559557741374
2022-01-14,2.4195476385101493,2.456415165856074
2022-01-17,2.418934140780866,2.4360073243600797
2022-01-18,2.427638602911415,2.445922493926642
2022-01-19,2.416116471756113,2.4399180473525917
2022-01-20,2.4169135783218043,2.433655044629463
2022-01-21,2.3808202797258615,2.4181061207802004
2022-01-24,2.381998066387611,2.385627450734669
2022-01-25,2.3562296487772425,2.3757968794692506
2022-01-26,2.357265180847533,2.372209027069634
2022-01-27,2.357265180847533,2.372209027069634
2022-01-28,2.357265180847533,2.372209027069634
2022-01-31,2.357265180847533,2.372209027069634
2022-02-01,2.357265180847533,2.372209027069634
2022-02-02,2.357265180847533,2.372209027069634
2022-02-03,2.357265180847533,2.372209027069634
2022-02-04,2.357265180847533,2.372209027069634
2022-02-07,2.3884364712929425,2.3795072518746787
2022-02-08,2.411036094726961,2.4150567036847526
2022-02-09,2.4393039341551996,2.4408608501049347
2022-02-10,2.4504670721562385,2.4620527836088417
2022-02-11,2.449487506327062,2.4574180766387452
2022-02-14,2.4130436448305286,2.4504039199667043
2022-02-15,2.4073414455018796,2.4370141823884865
2022-02-16,2.4431503297965316,2.4550049438084702
2022-02-17,2.4506041663590357,2.4726993027237927
2022-02-18,2.4487754640805206,2.4537607268509345
2022-02-21,2.4524751186303244,2.4580503147629806
2022-02-22,2.420149489461275,2.453743464821394
2022-02-23,2.42922223574047,2.4432351542529345
2022-02-24,2.3844445270567585,2.426853348894087
2022-02-25,2.3881895203827184,2.4149022555875224
2022-02-28,2.3881895203827184,2.4149022555875224
2022-03-01,2.436964418113308,2.4266356159613203
2022-03-02,2.4377458797376823,2.451516021712837
2022-03-03,2.449388788612027,2.473520434414039
2022-03-04,2.4221425923973,2.4462114574256617
2022-03-07,2.3474628611561608,2.4085197759567514
2022-03-08,2.309783693554174,2.331460404336397
2022-03-09,2.3281670831093257,2.3527142872211524
2022-03-10,2.3866176084719095,2.383780174031126
2022-03-11,2.3756719418957237,2.404671928480986
2022-03-14,2.3736944975206793,2.404220307642963
2022-03-15,2.3442419229952858,2.3905494577009088
2022-03-16,2.3482683379715064,2.3779783177496343
2022-03-17,2.404628228776607,2.4206297723063055
2022-03-18,2.393660015806385,2.4261841477146135
2022-03-21,2.404467518847555,2.4236170929759546
2022-03-22,2.4088901164954657,2.4260119873436348
2022-03-23,2.432510464869726,2.44061036399912
2022-03-24,2.428358946090893,2.44318812188948
2022-03-25,2.4155945790877817,2.444848570386842
2022-03-28,2.409108410617973,2.4095909648170646
2022-03-29,2.405898596603502,2.4294241666595933
2022-03-30,2.427943358213419,2.4406710753034457
2022-03-31,2.4325753186759553,2.454105277208079
2022-04-01,2.4330899107736865,2.4352730606138175
2022-04-04,2.4330899107736865,2.4352730606138175
2022-04-05,2.4330899107736865,2.4352730606138175
2022-04-06,2.435705363431832,2.4353156489949592
2022-04-07,2.394014021980708,2.4402540803194572
2022-04-08,2.4091508356587337,2.4273634345956743
2022-04-11,2.3801549152141397,2.4309262346246343
2022-04-12,2.3708450815147746,2.393472991303868
2022-04-13,2.4038987408067474,2.4111686137545467
2022-04-14,2.3857511262489846,2.430087854763784
2022-04-15,2.3586151131730055,2.392705790017481
2022-04-18,2.341885539074041,2.3613264723907785
2022-04-19,2.3467729013438294,2.3750078618721506
2022-04-20,2.3671760166984863,2.375939358386722
2022-04-21,2.365882871465117,2.395978458311831
2022-04-22,2.358437405732131,2.3608627921044003
2022-04-25,2.3129979662240436,2.3387064419186885
2022-04-26,2.3298100894631357,2.343248408291347
2022-04-27,2.3023236894139836,2.311851601652724
2022-04-28,2.3196952069929835,2.329958136813696
2022-04-29,2.344816185411849,2.359915111604892
2022-05-02,2.344816185411849,2.359915111604892
2022-05-03,2.3365512917742564,2.3648008157808755
2022-05-04,2.341574722093401,2.3657285783711983
2022-05-05,2.3430337311665195,2.3875078410255
2022-05-06,2.308537310636652,2.318237126770785
2022-05-09,2.259040188140793,2.2957384615181544
2022-05-10,2.260400313479093,2.245565685390822
2022-05-11,2.2527095509424853,2.2691501092957576
2022-05-12,2.203102354725323,2.2577535702887026
2022-05-13,2.2220437435429594,2.2434047613679073
2022-05-16,2.2174694682099854,2.264195708959187
2022-05-17,2.2266889069803537,2.2523671826570824
2022-05-18,2.2658488823071368,2.2547834765903243
2022-05-19,2.237456736359258,2.24824925473547
2022-05-20,2.2474955762210533,2.270634223934349
2022-05-23,2.245299474423901,2.2838157929776046
2022-05-24,2.222116181775612,2.267238006903135
2022-05-25,2.238307799681979,2.2531984736856954
2022-05-26,2.225375077977056,2.2701293844305543
2022-05-27,2.263655171255726,2.267226514681052
2022-05-30,2.308932218507971,2.3070643288869648
2022-05-31,2.33210647271604,2.3271263981288683
2022-06-01,2.3133964884476095,2.343097224821943
2022-06-02,2.2995336020996326,2.3190449480355078
2022-06-03,2.2995336020996326,2.3190449480355078
2022-06-06,2.315137576678018,2.3318472609353154
2022-06-07,2.3011461061155916,2.32723377250887
2022-06-08,2.3191820692443392,2.3387336892500996
2022-06-09,2.3129265381190773,2.3334847616992476
2022-06-10,2.2987526480089446,2.3083174580573047
2022-06-13,2.2520476082084753,2.2793069756076116
2022-06-14,2.254288913133662,2.2626707605472878
2022-06-15,2.2500725118924314,2.270253880357727
2022-06-16,2.235160110548185,2.300242841406391
2022-06-17,2.204114456134372,2.2278989913257012
2022-06-20,2.1699924842118468,2.226307427602499
2022-06-21,2.2263217692966792,2.2206110727519133
2022-06-22,2.1744949556028104,2.2399819517719934
2022-06-23,2.167536937280633,2.211171778632496
2022-06-24,2.187489865255829,2.211599446496467
2022-06-27,2.2123746123556898,2.2307319465485524
2022-06-28,2.189038787121127,2.224856502716141
2022-06-29,2.1631617898437105,2.177936688661193
2022-06-30,2.10335514267249,2.16026050191302
2022-07-01,2.0605861598245627,2.1188290114650834
2022-07-04,2.055517399082273,2.082258596638088
2022-07-05,2.064213690376563,2.1051889734802507
2022-07-06,2.004006921429306,2.068873021552269
2022-07-07,2.0398441177170956,2.031830093137809
2022-07-08,2.0460903425842316,2.07175753845894
2022-07-11,2.0281832571274876,2.0723157726740795
2022-07-12,1.9687459081630068,2.0160815018451643
2022-07-13,2.0113315258149957,2.0323438280263417
2022-07-14,2.025167089024964,2.016665418877616
2022-07-15,2.0180463973672387,2.0394213747661096
2022-07-18,2.0505398965760357,2.0434313231096533
2022-07-19,2.047390490797107,2.0616545123611627
2022-07-20,2.0548357390060237,2.090479037698152
2022-07-21,2.087284787869954,2.0808004706037844
2022-07-22,2.088936329077961,2.1057784601412726
2022-07-25,2.094961614413425,2.099958461890694
2022-07-26,2.080701877256878,2.103394842476243
2022-07-27,2.096345296507902,2.0959748742924242
2022-07-28,2.1018214298764986,2.126596173936281
2022-07-29,2.1054326285437885,2.128141686973574
2022-08-01,2.106115154607728,2.120216494063616
2022-08-02,2.0846823208395784,2.0991979626697335
2022-08-03,2.0865535675361886,2.0989178871910665
2022-08-04,2.0703299845487946,2.0989760369888506
2022-08-05,2.1085938923112253,2.1120751589926186
2022-08-08,2.1138522959662978,2.1194072034196867
2022-08-09,2.1281494556041727,2.130809576783397
2022-08-10,2.1189000645557003,2.1319698410114256
2022-08-11,2.149445092736978,2.1637584707327004
2022-08-12,2.1601624090688647,2.1705151058602246
2022-08-15,2.167555162906669,2.187238111846238
2022-08-16,2.1646967726833517,2.1867128526745683
2022-08-17,2.171952662194468,2.184032512910523
2022-08-18,2.166524604959008,2.1793286711723527
2022-08-19,2.1683867678387725,2.179807453587821
2022-08-22,2.1506542881379507,2.164755807613235
2022-08-23,2.1243612322231367,2.1527732136363174
2022-08-24,2.113800786701632,2.148956905660603
2022-08-25,2.136998897366783,2.142784479024337
2022-08-26,2.1425109226539383,2.168043525415092
2022-08-29,2.0998288365335878,2.1086815363589615
2022-08-30,2.1058349673889905,2.1173105332112203
2022-08-31,2.115998864044895,2.1155348959849793
2022-09-01,2.0784898900133175,2.1062063825999657
2022-09-02,2.0650490108184143,2.0976417277068515
2022-09-05,2.0721478930371533,2.0900190736016278
2022-09-06,2.082822249826311,2.104266853341224
2022-09-07,2.0559563497618436,2.080973725594684
2022-09-08,2.083961731136228,2.088161055743805
2022-09-09,2.083961731136228,2.088161055743805
2022-09-12,2.109446491539544,2.1275054114277094
2022-09-13,2.1131954518162095,2.141358829377821
2022-09-14,2.081011626972043,2.0874561024574994
2022-09-15,2.0892690639006064,2.098761495325237
2022-09-16,2.0748253859342825,2.09180357972776
2022-09-19,2.058270438590319,2.0939087233130644
2022-09-20,2.0636678071375645,2.087389606378689
2022-09-21,2.0499293498519724,2.0759860053559103
2022-09-22,2.027997328133899,2.0470390806563956
2022-09-23,2.01858947760054,2.041749992597906
2022-09-26,1.9768254474750813,2.0150867667635635
2022-09-27,1.9800700545415437,2.0031451060038044
2022-09-28,1.9378508520717843,2.000406543640748
2022-09-29,1.949005944941732,1.9773547873397044
2022-09-30,1.9437301927161963,1.9439462847996947
2022-10-03,1.9231423217983694,1.9377807744562066
2022-10-04,1.9618084631162511,1.9677717583431882
2022-10-05,1.979608647390405,1.998129439083568
2022-10-06,1.9913292376930476,2.0067478603276365
2022-10-07,1.9680900486755977,1.9952675849499208
2022-10-10,1.9680900486755977,1.9952675849499208
2022-10-11,1.9083886612409708,1.941006769301949
2022-10-12,1.9130992152347495,1.9232227199142207
2022-10-13,1.8726407769611035,1.923229892366798
2022-10-14,1.8964648737378442,1.92255260272324
2022-10-17,1.892259497172683,1.8938679082922365
2022-10-18,1.9027179204434184,1.9277207262726532
2022-10-19,1.8906502375130554,1.9141637947879084
2022-10-20,1.8846769160677865,1.8740052211018576
2022-10-21,1.878406480094179,1.897466321561538
2022-10-24,1.8827673458616778,1.919551026075495
2022-10-25,1.8724647117586035,1.9057668999852793
2022-10-26,1.883538428966354,1.8933187667075941
2022-10-27,1.9000885115981403,1.9130111232555582
2022-10-28,1.8922882776638852,1.917331091659766
2022-10-31,1.9108305140998518,1.9240116009695543
2022-11-01,1.9268484572288884,1.9268551468996036
2022-11-02,1.9258441100050054,1.9425008742994596
2022-11-03,1.9168670689038707,1.917310250814487
2022-11-04,1.9275965030337383,1.9196686148575006
2022-11-07,1.9600463983378738,1.9583719552131786
2022-11-08,1.9750150829345183,1.9879135321737649
2022-11-09,2.008517248465674,2.001606920040983
2022-11-10,1.9973491300778556,2.014110337248414
2022-11-11,2.059556677662224,2.070572447877535
2022-11-14,2.084024562164206,2.0901311447496096
2022-11-15,2.1027636018112608,2.0986186256388946
2022-11-16,2.08918954544603,2.1157807081893556
2022-11-17,2.0867798878201285,2.1039431448889205
2022-11-18,2.078474166094239,2.1024542073112333
2022-11-21,2.0771895638726137,2.095968500204232
2022-11-22,2.084176275678693,2.0949704683088686
2022-11-23,2.096800155169261,2.1138146513206912
2022-11-24,2.125152540522489,2.1303823527124917
2022-11-25,2.1185982560515173,2.1410470144950082
2022-11-28,2.0966735931450304,2.109134789267904
2022-11-29,2.120494910881701,2.118337466488386
2022-11-30,2.1537190781366378,2.137709323606444
2022-12-01,2.1573635789343704,2.191435199717769
2022-12-02,2.1480039973802,2.1622540012124745
2022-12-05,2.150602400995404,2.1641111067608025
2022-12-06,2.126400724471436,2.1600218913265454
2022-12-07,2.1165767075849633,2.138503986309072
2022-12-08,2.1031917621164253,2.129250992692723
2022-12-09,2.119454953115755,2.1339370660978974
2022-12-12,2.114181682569938,2.126306028567093
2022-12-13,2.097798065494483,2.136917433011439
2022-12-14,2.129911101813078,2.1326470683329597
2022-12-15,2.1283054852526293,2.1403306564183877
2022-12-16,2.105636026175625,2.1113562877839094
2022-12-19,2.098233465378502,2.1057621997544405
2022-12-20,2.061485267145065,2.1038749091886877
2022-12-21,2.066972833228645,2.0832622825014844
2022-12-22,2.0929665792768617,2.10026329820003
2022-12-23,2.0740863052735317,2.0821947236964324
2022-12-26,2.076417406355853,2.0955595055483593
2022-12-27,2.0844192365844854,2.1012561565566896
2022-12-28,2.063862559260273,2.089595666344038
2022-12-29,2.055701843397687,2.0644824571448526
2022-12-30,2.0621620916346033,2.0864500006262494
2023-01-02,2.0621620916346033,2.0864500006262494
2023-01-03,2.0790078396213656,2.0741527143223455
2023-01-04,2.080214246068375,2.09325527776726
2023-01-05,2.092676724551511,2.108747600144163
2023-01-06,2.109856595376616,2.111526711250246
2023-01-09,2.1577902418089288,2.1544074797492483
2023-01-10,2.1605761116507733,2.176059202527999
2023-01-11,2.1459372213923844,2.1793690278292654
2023-01-12,2.1393234500955542,2.1686623802484046
2023-01-13,2.1372957990822132,2.170080346385308
2023-01-16,2.156604486477836,2.1691056440038166
2023-01-17,2.158630585892642,2.1761157920453753
2023-01-18,2.158630585892642,2.1761157920453753
2023-01-19,2.158630585892642,2.1761157920453753
2023-01-20,2.158630585892642,2.1761157920453753
2023-01-23,2.158630585892642,2.1761157920453753
2023-01-24,2.158630585892642,2.1761157920453753
2023-01-25,2.158630585892642,2.1761157920453753
2023-01-26,2.158630585892642,2.1761157920453753
2023-01-27,2.158630585892642,2.1761157920453753
2023-01-30,2.2114730245039644,2.233717686675084
2023-01-31,2.1751478352220923,2.2228446717110524
2023-02-01,2.1959990633574713,2.2060987417049045
2023-02-02,2.21216861454405,2.2266273353168367
2023-02-03,2.213130609473594,2.228470004678411
2023-02-06,2.1905802646630588,2.2181188796536717
2023-02-07,2.1998534364158733,2.214658099619413
2023-02-08,2.2166910178983024,2.228249824743916
2023-02-09,2.213503822859358,2.225976026854464
2023-02-10,2.210211695131449,2.2271377493220195
2023-02-13,2.211849889633581,2.2252811438423308
2023-02-14,2.2284205362673926,2.2425089187474794
2023-02-15,2.215242335867249,2.243178201547779
2023-02-16,2.230447830974381,2.24354962671077
2023-02-17,2.23075719537683,2.242752438085523
2023-02-20,2.2414019920447825,2.2485706643492422
2023-02-21,2.244323697903791,2.2600468485650085
2023-02-22,2.230017621700439,2.2468254209071876
2023-02-23,2.2479351591879757,2.2555401391230263
2023-02-24,2.234513949081224,2.274814786668322
2023-02-27,2.234513949081224,2.274814786668322
2023-02-28,2.234513949081224,2.274814786668322
2023-03-01,2.2371775632154405,2.2379957553957652
2023-03-02,2.2384141912555195,2.259653413821658
2023-03-03,2.244266116432285,2.2693209363368347
2023-03-06,2.2716536659522957,2.283421856810839
2023-03-07,2.285174258869091,2.2937724083162743
2023-03-08,2.283434272045532,2.294711346563739
2023-03-09,2.273203239776516,2.3076449041488614
2023-03-10,2.2410875157047094,2.270561773489452
2023-03-13,2.2473701464351508,2.249012391540428
2023-03-14,2.217211369956177,2.240774787292444
2023-03-15,2.2218150709148152,2.250262238753214
2023-03-16,2.2079869939419705,2.229888382184077
2023-03-17,2.2346335552720813,2.243588030898933
2023-03-20,2.2322374558124465,2.257278586789311
2023-03-21,2.2449079959438536,2.262621978428636
2023-03-22,2.2712701002870834,2.2822590446534274
2023-03-23,2.2909274462771303,2.288984900691487
2023-03-24,2.2978292856222944,2.3165562073059145
2023-03-27,2.2941802658314963,2.315529072250098
2023-03-28,2.281346155044224,2.314627402110821
2023-03-29,2.287551481413959,2.3056033742221493
2023-03-30,2.2939146784539943,2.318543591852237
2023-03-31,2.306489176523128,2.319912273865869
2023-04-03,2.306489176523128,2.319912273865869
2023-04-04,2.306489176523128,2.319912273865869
2023-04-05,2.306489176523128,2.319912273865869
2023-04-06,2.2969409399822385,2.3207337666596635
2023-04-07,2.297592112493312,2.3230573154441956
2023-04-10,2.311684883792635,2.321872643858858
2023-04-11,2.3288058471248796,2.336656282461966
2023-04-12,2.338196914503715,2.351940173883945
2023-04-13,2.3278156690170886,2.354920106099261
2023-04-14,2.342252160608899,2.3512402978854423
2023-04-17,2.3400156830361123,2.357201193270627
2023-04-18,2.3258927592336387,2.3601425057891925
2023-04-19,2.3175804218324356,2.350066749225082
2023-04-20,2.303942365196965,2.3290475931782972
2023-04-21,2.291609029778348,2.3260521463015364
2023-04-24,2.301715191400044,2.306257138482984
2023-04-25,2.266481108698939,2.322833874400592
2023-04-26,2.2788004647306503,2.280729165124808
2023-04-27,2.2837474019653166,2.2969193048298275
2023-04-28,2.3008000463278724,2.313326415847923
2023-05-01,2.3008000463278724,2.313326415847923
2023-05-02,2.3127709853901224,2.3233571629890655
2023-05-03,2.3060079009471335,2.3271347436806895
2023-05-04,2.3178882874305184,2.3215798719881207
2023-05-05,2.320567506957821,2.339796275807207
2023-05-08,2.331062805474569,2.3522129422038094
2023-05-09,2.3339899311317818,2.352372198750511
2023-05-10,2.3295076419403418,2.353282554891802
2023-05-11,2.321684843144604,2.3498678205314025
2023-05-12,2.3228442693226863,2.3354971149486627
2023-05-15,2.3225687660758423,2.337992581708471
2023-05-16,2.3536600990220506,2.359609619136601
2023-05-17,2.3825924113607213,2.378135988455719
2023-05-18,2.4020590781636324,2.4119166240154164
2023-05-19,2.41834989227471,2.4323137724523978
2023-05-22,2.410283253804456,2.436398559816793
2023-05-23,2.4113118516992733,2.4328185160950366
2023-05-24,2.4094963299657035,2.425796665583141
2023-05-25,2.4130260277829407,2.4332932949533865
2023-05-26,2.427470023508594,2.4378492650647847
2023-05-29,2.450114614580423,2.4697449932863385
2023-05-30,2.4494615103354898,2.482215627614945
2023-05-31,2.447992945018778,2.4735289861445793
2023-06-01,2.4406328853437826,2.4622538042692814
2023-06-02,2.4640762674322407,2.4713769843491327
2023-06-05,2.477659603909285,2.494864506176559
2023-06-06,2.482888945960873,2.499982749077732
2023-06-07,2.5021306155299876,2.512079267650109
2023-06-08,2.475177762180553,2.517141333172161
2023-06-09,2.501229325872732,2.5122766631573725
2023-06-12,2.5040711302884415,2.532928505465508
2023-06-13,2.5284216140354325,2.5383844146069006
2023-06-14,2.539008623640416,2.552509041608797
2023-06-15,2.5587144954462744,2.5718709212861053
2023-06-16,2.5469609207361676,2.580299427612153
2023-06-19,2.551340951748747,2.5636352585243776
2023-06-20,2.531959361398787,2.5655627431625936
2023-06-21,2.5347580837105035,2.550170301610189
2023-06-22,2.5347580837105035,2.550170301610189
2023-06-23,2.5347580837105035,2.550170301610189
2023-06-26,2.5137128311217243,2.531911031509251
2023-06-27,2.489064007018374,2.520010443621879
2023-06-28,2.4875591328970375,2.5158384656407744
2023-06-29,2.492303528867653,2.5196229558736913
2023-06-30,2.461283977160631,2.4772793700101143
2023-07-03,2.494601889561579,2.499671076830782
2023-07-04,2.501314245645361,2.517069652792388
2023-07-05,2.484305791204155,2.5165159508564683
2023-07-06,2.450175002590325,2.485952394416311
2023-07-07,2.4328424646079734,2.4566779495852424
2023-07-10,2.432476914643199,2.4590871304838933
2023-07-11,2.468178060158814,2.4724118904949703
2023-07-12,2.487651290376569,2.487674847575815
2023-07-13,2.5026666997143776,2.5265433927074676
2023-07-14,2.5424079291120694,2.5467067464114668
2023-07-17,2.549834419435854,2.567344318638154
2023-07-18,2.551205998443049,2.58301915488771
2023-07-19,2.534116148965291,2.5883371724961055
2023-07-20,2.542699237009032,2.5568307903486214
2023-07-21,2.5478276890280322,2.5458796889005004
2023-07-24,2.5572651595905147,2.5795744845906183
2023-07-25,2.5685674621915973,2.6006215277673905
2023-07-26,2.573896248855395,2.596363768550379
2023-07-27,2.577189899248548,2.6089083942652866
2023-07-28,2.6001385819074536,2.603093115285055
2023-07-31,2.569847025368449,2.6474020694286584
2023-08-01,2.5915940595016953,2.6074780341685178
2023-08-02,2.5388540315807107,2.6090122364192543
2023-08-03,2.5388540315807107,2.6090122364192543
2023-08-04,2.527081303908988,2.5492841575933163
2023-08-07,2.553387625684409,2.5596480440550597
2023-08-08,2.539565007603809,2.588146771677443
2023-08-09,2.537647310419799,2.5585276720163788
2023-08-10,2.5071435440856824,2.5504028544169177
2023-08-11,2.5088112439724344,2.5441211256149368
2023-08-14,2.479155826293289,2.5249103083544697
2023-08-15,2.477696387016409,2.5243033500460204
2023-08-16,2.4768848884866497,2.48903633415551
2023-08-17,2.478859760995973,2.4805700192795
2023-08-18,2.469185692074523,2.5006894582722192
2023-08-21,2.475636832674714,2.510834327198551
2023-08-22,2.486869568826733,2.525092226065755
2023-08-23,2.49269715291248,2.515684102915541
2023-08-24,2.520272491769584,2.547296577497682
2023-08-25,2.4862879852167143,2.525418224989962
2023-08-28,2.4981809575819605,2.523253777684603
2023-08-29,2.5140399416578942,2.534683259867963
2023-08-30,2.525379681986386,2.5601168521885627
2023-08-31,2.5064892990761645,2.5502472209683944
2023-09-01,2.5131444568451937,2.5414035681291987
2023-09-04,2.530780140434675,2.5447462160733423
2023-09-05,2.5350080876783165,2.5548525639174477
2023-09-06,2.5241685041261253,2.5668306948120554
2023-09-07,2.5131810769697416,2.54323927899435
2023-09-08,2.5087244449869592,2.5340200734475213
2023-09-11,2.487194942795692,2.5371488742225226
2023-09-12,2.5060554157342056,2.520514815126188
2023-09-13,2.5111581922594404,2.5354886137302404
2023-09-14,2.5500134281695304,2.5552386141044274
2023-09-15,2.561450462812614,2.5851783626637483
2023-09-18,2.5413987191253615,2.570814323519702
2023-09-19,2.5373079754984578,2.5744512750134927
2023-09-20,2.518844403370355,2.5642450130475436
2023-09-21,2.4856393044596206,2.53288047906224
2023-09-22,2.497444049973496,2.5008957920553017
2023-09-25,2.5163420000899315,2.531084691801381
2023-09-26,2.490200114173914,2.5330397657183243
2023-09-27,2.4924645058862396,2.509410895060087
2023-09-28,2.4959587018162614,2.5250088332403773
2023-09-29,2.4959587018162614,2.5250088332403773
2023-10-02,2.5160572364365286,2.53764808124665
2023-10-03,2.498982049227912,2.537542027095352
2023-10-04,2.473519812166174,2.5055642268971243
2023-10-05,2.4999437458656777,2.5165198183188573
2023-10-06,2.5077098957927095,2.5403953256334826
2023-10-09,2.5077098957927095,2.5403953256334826
2023-10-10,2.5077098957927095,2.5403953256334826
2023-10-11,2.536548477116109,2.5707718408518683
2023-10-12,2.5562884216676096,2.5734501584663043
2023-10-13,2.5404967402440435,2.5715407525446
2023-10-16,2.5335383772084263,2.559056098665164
2023-10-17,2.520297394915948,2.5725220688467907
2023-10-18,2.5012488030210487,2.5455000063881195
2023-10-19,2.4929568296437727,2.5134869738912475
2023-10-20,2.473299719580326,2.4973192507664623
2023-10-23,2.449385666864228,2.4893111900637637
2023-10-24,2.4558148746089845,2.478623557835811
2023-10-25,2.4615409554919414,2.4917258373687354
2023-10-26,2.428395238038284,2.460783112220178
2023-10-27,2.4484601817590033,2.4669717740336914
2023-10-30,2.4475036589622547,2.4783635903342254
2023-10-31,2.432021010488616,2.479676837481851
2023-11-01,2.442402102401558,2.4707574958917515
2023-11-02,2.4836731924921374,2.4980374534330796
2023-11-03,2.509801268983782,2.5238531226538776
2023-11-06,2.5333805144492207,2.558745978591383
2023-11-07,2.5314435211623794,2.557093957669934
2023-11-08,2.537392775509975,2.5594476130543695
2023-11-09,2.541041203420112,2.565603385834679
2023-11-10,2.5278931154207114,2.557101448754563
2023-11-13,2.539523209894609,2.576179034467553
2023-11-14,2.554725420475702,2.5867788025163594
2023-11-15,2.5815955328743097,2.614551731999633
2023-11-16,2.5848269031075257,2.6198309920326133
2023-11-17,2.59523046157133,2.6152934648873507
2023-11-20,2.600907803155432,2.6310507918725623
2023-11-21,2.637828712016578,2.64413166098133
2023-11-22,2.6238721947117347,2.65487266287939
2023-11-23,2.615517652983487,2.6535445594071527
2023-11-24,2.621167862239083,2.652259269243727
2023-11-27,2.6045813288472024,2.6532707700124623
2023-11-28,2.632821982126561,2.645428682353441
2023-11-29,2.63800780910275,2.667804002625493
2023-11-30,2.64761656815486,2.6737171259407835
2023-12-01,2.633755717184225,2.6635675692734924
2023-12-04,2.6384546312122295,2.6705450509961772
2023-12-05,2.6300650879137137,2.6564420726246
2023-12-06,2.635934917449451,2.666855581803897
2023-12-07,2.6238466197332198,2.661013139557668
2023-12-08,2.6386807947878643,2.6717346075135397
2023-12-11,2.6459485480641205,2.677460981964596
2023-12-12,2.6479884577877293,2.6908175230058493
2023-12-13,2.655633070741872,2.6828073694650625
2023-12-14,2.688220947924318,2.7053401508792643
2023-12-15,2.6840045463510123,2.7276893170167766
2023-12-18,2.682810478155254,2.7118093312145737
2023-12-19,2.672603580081206,2.7072108978921814
2023-12-20,2.67266071959187,2.708687458597703
2023-12-21,2.668736546280535,2.678688423129687
2023-12-22,2.6691522258969007,2.6989811406468283
2023-12-25,2.6809099340932563,2.702826548658169
2023-12-26,2.7008519584803645,2.7215625427348096
2023-12-27,2.720255700902402,2.7374904916968275
2023-12-28,2.7228360826343265,2.7526608789555533
2023-12-29,2.7266497473406073,2.750549302298888
2024-01-01,2.7266497473406073,2.750549302298888
2024-01-02,2.7097757893907914,2.7579313846767324
2024-01-03,2.6671003640378155,2.7154626213187285
2024-01-04,2.6652930815337017,2.6987557256082018
2024-01-05,2.656842025005622,2.697030524384411
2024-01-08,2.6638467440765816,2.699204384636798
2024-01-09,2.655232383020707,2.710372494445282
2024-01-10,2.64068191277989,2.6837568126865907
2024-01-11,2.6486884372113613,2.6778021710341253
2024-01-12,2.6472099121794312,2.672867560075923
2024-01-15,2.6498509209883996,2.6945382089347363
2024-01-16,2.609892076681255,2.6605810507447134
2024-01-17,2.5672258081696038,2.626146318884151
2024-01-18,2.573695276967749,2.6023693472502734
2024-01-19,2.6146822919595865,2.6155984022855545
2024-01-22,2.6308714477408968,2.6604165069255252
2024-01-23,2.6370793770930128,2.6685185822107877
2024-01-24,2.6416019363620227,2.6757583313866893
2024-01-25,2.647118307416037,2.681240759304504
2024-01-26,2.6449598197560107,2.6693726809817493
2024-01-29,2.6610067650467375,2.672355246931913
2024-01-30,2.6412308745064577,2.694423570956463
2024-01-31,2.638729963442948,2.6678643160150175
2024-02-01,2.6631047815452296,2.67796319071084
2024-02-02,2.666966116590835,2.696853753718053
2024-02-05,2.6586320552321636,2.6805173059005836
2024-02-06,2.6586320552321636,2.6805173059005836
2024-02-07,2.6586320552321636,2.6805173059005836
2024-02-08,2.6586320552321636,2.6805173059005836
2024-02-09,2.6586320552321636,2.6805173059005836
2024-02-12,2.6586320552321636,2.6805173059005836
2024-02-13,2.6586320552321636,2.6805173059005836
2024-02-14,2.6586320552321636,2.6805173059005836
2024-02-15,2.6754813800829775,2.719735809640982
2024-02-16,2.6824803472453267,2.7138008857091496
2024-02-19,2.705583358004662,2.7243363845672324
2024-02-20,2.7242248587088196,2.740302265389457
2024-02-21,2.7110238283456334,2.7492381529545713
2024-02-22,2.724425421390715,2.7585723068341284
2024-02-23,2.7139269465104765,2.7674478241242975
2024-02-26,2.719184045547882,2.74183843100197
2024-02-27,2.7027596547819925,2.750689393072683
2024-02-28,2.7027596547819925,2.750689393072683
2024-02-29,2.738895068893177,2.7330716670419215
2024-03-01,2.727557260411681,2.774585390897762
2024-03-04,2.734872570484884,2.766081170942665
2024-03-05,2.734203739896516,2.7669187641700543
2024-03-06,2.7452250097018576,2.7638079340169526
2024-03-07,2.750717227583012,2.782043975389635
2024-03-08,2.750729799632725,2.7939629227113976
2024-03-11,2.7636913136100394,2.789701275059317
2024-03-12,2.7834239436674584,2.8020658488658112
2024-03-13,2.7783819006121244,2.818650161192277
2024-03-14,2.7915763397426097,2.817725619824394
2024-03-15,2.7805277626641476,2.814800406462692
2024-03-18,2.784657563605583,2.8237821416916677
2024-03-19,2.784815034040852,2.808839012861028
2024-03-20,2.780019083187063,2.8291326255795357
2024-03-21,2.8244170822086514,2.8423566678944545
2024-03-22,2.826323086305724,2.865661914416527
2024-03-25,2.8224898659330337,2.862944012260972
2024-03-26,2.8181312885354917,2.863555996954763
2024-03-27,2.821914902584647,2.8533052516520963
2024-03-28,2.8183542594972053,2.8561168273465682
2024-03-29,2.835751759828924,2.858242660376037
2024-04-01,2.8371044170527107,2.8887635679407784
2024-04-02,2.846815949867354,2.8789008887059655
2024-04-03,2.8290457127847755,2.8736582101670676
2024-04-04,2.8290457127847755,2.8736582101670676
2024-04-05,2.8290457127847755,2.8736582101670676
2024-04-08,2.843247520358276,2.8682513575579605
2024-04-09,2.8580146050214363,2.891053756443969
2024-04-10,2.8607441433190273,2.9049183602301323
2024-04-11,2.854291665042793,2.8899707782955644
2024-04-12,2.837319829437507,2.8796087185895485
2024-04-15,2.8051352275982846,2.8592482458056248
2024-04-16,2.72791473949402,2.817456779101049
2024-04-17,2.7462452853597257,2.7746518593174927
2024-04-18,2.759984659555063,2.7715260598445584
2024-04-19,2.696659223807754,2.7692662579780936
2024-04-22,2.714062833686738,2.743236148975952
2024-04-23,2.7259901673585047,2.7722458221176227
2024-04-24,2.774225092763008,2.7961774579427474
2024-04-25,2.7392069018498204,2.7917589319770366
2024-04-26,2.7620600386875176,2.7854265800427513
2024-04-29,2.8220575341591663,2.8268459551338925
2024-04-30,2.809403791588312,2.8531001232468993
2024-05-01,2.809403791588312,2.8531001232468993
2024-05-02,2.797909122279275,2.8324399870266723
2024-05-03,2.8080575957697596,2.8594076697566706
2024-05-06,2.843124967145658,2.8685355467340172
2024-05-07,2.844413733809524,2.894610424712335
2024-05-08,2.8421169130832196,2.875056064374282
2024-05-09,2.8251741852030325,2.877828316506709
2024-05-10,2.859403274529082,2.871709054115634
2024-05-13,2.86174675930543,2.903493971338817
2024-05-14,2.871464703689156,2.9063557433899594
2024-05-15,2.881237687331231,2.926011191685727
2024-05-16,2.9040750495427607,2.9486986266890733
2024-05-17,2.9034308138054374,2.9384051625245133
2024-05-20,2.9149342331881747,2.9545373073749936
2024-05-21,2.8870166401838193,2.947676318358285
2024-05-22,2.9135305414342314,2.9359582839183296
2024-05-23,2.9137723931546704,2.943911810800443
2024-05-24,2.9043214507554755,2.9330644108397586
2024-05-27,2.940030089528979,2.9586287547296495
2024-05-28,2.9407326351844394,2.9860055249489688
2024-05-29,2.9057773798028523,2.979815765495446
2024-05-30,2.8801140197958714,2.9226598026469905
2024-05-31,2.87539465450487,2.929402889651097
2024-06-03,2.9073023113166303,2.9450827695533115
2024-06-04,2.8798449081835686,2.9327143507898623
2024-06-05,2.8825925824709353,2.9192272672229627
2024-06-06,2.9071511929198697,2.940075471874576
2024-06-07,2.91267635749483,2.9477251605502666
2024-06-10,2.91267635749483,2.9477251605502666
2024-06-11,2.884212514891126,2.943211306180303
2024-06-12,2.8953554695973978,2.9271578227044226
2024-06-13,2.9257687228856386,2.962486018701029
2024-06-14,2.9511864780072994,2.979434314515621
2024-06-17,2.9538859291053003,2.990617519295031
2024-06-18,2.9748497977340107,3.0042358876553212
2024-06-19,3.0012576028157003,3.028896099234047
2024-06-20,3.026579210993053,3.0492337833764607
2024-06-21,3.019188456435944,3.0554421072838287
2024-06-24,2.9928764154772365,3.0530764139685687
2024-06-25,2.991485959768787,3.0362091252905965
2024-06-26,2.9764418480362096,3.0313298304727856
2024-06-27,2.9518462262730685,2.9782100922718673
2024-06-28,2.960878037327972,2.9934365025611247
2024-07-01,2.96401448330139,3.0026470929197973
2024-07-02,2.9461326106818815,2.988033379465558
2024-07-03,2.981941850059493,2.9974602168942797
2024-07-04,3.0158749046811355,3.0377171696291114
2024-07-05,3.0115528518613845,3.0630398623297235
2024-07-08,3.0311309093868815,3.044627360643058
2024-07-09,3.0302784463747128,3.076699342663554
2024-07-10,3.0309352454643004,3.0721946296001303
2024-07-11,3.064095888753323,3.0838937841721523
2024-07-12,3.043566207280425,3.0799581713570174
2024-07-15,3.033353232891522,3.0982313656076976
2024-07-16,3.0384204616560844,3.0807530504149767
2024-07-17,3.0305566337573153,3.074445187763194
2024-07-18,3.0231483635208267,3.045787911853437
2024-07-19,2.977194386591423,3.046220425948791
2024-07-22,2.925406598034955,3.0060123944009662
2024-07-23,2.9714413830496156,2.993913654601565
2024-07-24,2.9714413830496156,2.993913654601565
2024-07-25,2.9714413830496156,2.993913654601565
2024-07-26,2.910034157923259,2.9284198198737017
2024-07-29,2.8983207160295525,2.9724584185836767
2024-07-30,2.8978131068814563,2.9312763699495332
2024-07-31,2.9094324174898456,2.920758086296689
2024-08-01,2.9484342224464144,2.9776289795468363
2024-08-02,2.864441114635158,2.9217110236881108
2024-08-05,2.6760351504601316,2.792283504592989
2024-08-06,2.7209599406992693,2.7755121771149756
2024-08-07,2.791084233654623,2.7548883554518993
2024-08-08,2.757135317338612,2.782937469237614
2024-08-09,2.816233974710749,2.8408736327680955
2024-08-12,2.856642649395066,2.880233600325783
2024-08-13,2.8532915403784895,2.9092960225776223
2024-08-14,2.89193812617626,2.918525208125784
2024-08-15,2.8566805297283837,2.945321968086131
2024-08-16,2.9012764336831123,2.9446654939596746
2024-08-19,2.9010580540651008,2.9455881399440584
2024-08-20,2.9058860600113925,2.961394599904312
2024-08-21,2.894403489642759,2.940785701689531
2024-08-22,2.8945887248455127,2.93652121738006
2024-08-23,2.894657929384839,2.921715865000261
2024-08-26,2.9125202207374588,2.9482632305385126
2024-08-27,2.907219503825108,2.9376069435138104
2024-08-28,2.901744175719714,2.9489338986696625
2024-08-29,2.897513709733995,2.9182292279357984
2024-08-30,2.8991301849540263,2.948823726663713
2024-09-02,2.895250581361729,2.953122728741198
2024-09-03,2.8719023009020437,2.935330517140846
2024-09-04,2.7620763200226994,2.80217512311011
2024-09-05,2.76117158212784,2.8202577133164524
2024-09-06,2.7887030791006797,2.800767137570079
2024-09-09,2.7528860722676387,2.7642458461642265
2024-09-10,2.7353197144658408,2.8005636159730067
2024-09-11,2.736148492017636,2.7766640601582546
2024-09-12,2.7926499957423814,2.8256614881838384
2024-09-13,2.8052369006495383,2.8360774901813994
2024-09-16,2.8164951403954364,2.8494802396855277
2024-09-17,2.8164951403954364,2.8494802396855277
2024-09-18,2.7944181693216663,2.8533023280579246
2024-09-19,2.828982775382833,2.8357197031033614
2024-09-20,2.8363668303589034,2.8876316095182823
2024-09-23,2.8612300213571964,2.8907414581803286
2024-09-24,2.871402373285433,2.894108593035665
2024-09-25,2.9039144237613237,2.940365884113374
2024-09-26,2.900059870878147,2.9623861448313296
2024-09-27,2.92393246811816,2.969160532712789
2024-09-30,2.87606542947828,2.9547782220310372
2024-10-01,2.881843061409498,2.925879523528257
2024-10-02,2.881843061409498,2.925879523528257
2024-10-03,2.881843061409498,2.925879523528257
2024-10-04,2.8597703871655047,2.8971011734768894
2024-10-07,2.881848633984652,2.9185904040091724
2024-10-08,2.8539904462362222,2.8981734735540146
2024-10-09,2.847228707934595,2.90783132256259
2024-10-10,2.847228707934595,2.90783132256259
2024-10-11,2.85191677036874,2.900878084690535
2024-10-14,2.8670728542213233,2.8971148449778505
2024-10-15,2.8940294306944705,2.91890603927383
2024-10-16,2.867537736521177,2.8989559743604167
2024-10-17,2.891805307282656,2.9161130251628995
2024-10-18,2.90810486881378,2.9556661145552803
2024-10-21,2.903853546719385,2.9682044245460903
2024-10-22,2.9184923691654476,2.940968596650468
2024-10-23,2.8902886023019634,2.9506768270434303
2024-10-24,2.8762391221215773,2.9233478030921707
2024-10-25,2.8953601372967417,2.926690433756271
2024-10-28,2.89692379687625,2.946499010965822
2024-10-29,2.8663328471773992,2.924887969042888
2024-10-30,2.860192721043217,2.914437459261399
2024-10-31,2.860192721043217,2.914437459261399
2024-11-01,2.8449962914756313,2.8226058844235657
2024-11-04,2.8624641808904703,2.8886451882090163
2024-11-05,2.8756345646963326,2.8935676389549796
2024-11-06,2.8843321455515043,2.916666561214637
2024-11-07,2.9104961163958634,2.917373149870305
2024-11-08,2.902628817839375,2.9710774668571003
2024-11-11,2.898578686775918,2.941657796694436
2024-11-12,2.842981357051969,2.9035948918611187
2024-11-13,2.849909561149063,2.87656185893235
2024-11-14,2.8181571490903177,2.8863308430456347
2024-11-15,2.8270670319040097,2.8688883801292455
2024-11-18,2.8267220749804083,2.872163724066205
2024-11-19,2.8507366096625204,2.8816715151949173
2024-11-20,2.8382803698036048,2.8791051167910915
2024-11-21,2.8295747189987637,2.8634455666536214
2024-11-22,2.8434370365401986,2.8876024097030903
2024-11-25,2.8621713660119252,2.9135588426151156
2024-11-26,2.8460861646987268,2.8910919592999513
2024-11-27,2.8082008340431996,2.8823326759080814
2024-11-28,2.7963779803843782,2.8545773644238333
2024-11-29,2.7835445833961407,2.8131639492998635
2024-12-02,2.8213684249664324,2.8441278795144553
2024-12-03,2.8460666973087942,2.8844669211628093
2024-12-04,2.8572857714337747,2.8909223293169393
2024-12-05,2.85336424927673,2.9031337658060075
2024-12-06,2.8566375948002167,2.900563908620554
2024-12-09,2.861298559101178,2.906310999960224
2024-12-10,2.855245574435093,2.909011304953297
2024-12-11,2.8386575552396076,2.884413469827653
2024-12-12,2.8372474268784256,2.8909633942023065
2024-12-13,2.828792267367137,2.8727974922866637
2024-12-16,2.8122689784374297,2.879018992089084
2024-12-17,2.817905206021947,2.8555253459172296
2024-12-18,2.836230682304666,2.8545389279561486
2024-12-19,2.8087161100900424,2.833219399998244
2024-12-20,2.7676219268306403,2.8330095028492996
2024-12-23,2.821755306378326,2.8393719476184955
2024-12-24,2.8278649860189295,2.87733105664728
2024-12-25,2.8272229619077773,2.884978136526553
2024-12-26,2.828546068764334,2.876792148796346
2024-12-27,2.831341890009336,2.868758937890701
2024-12-30,2.8064578614215017,2.871226662279793
2024-12-31,2.7960221273816335,2.8334241705737138
2025-01-01,2.7960221273816335,2.8334241705737138
2025-01-02,2.778327595593804,2.8289794030364828
2025-01-03,2.7797467833204474,2.8314423682032284
2025-01-06,2.8299924946448334,2.8435144063710873
2025-01-07,2.8291123421383197,2.8879160625926126
2025-01-08,2.814300124985585,2.8712222799292566
2025-01-09,2.768963246200354,2.8516838856561795
2025-01-10,2.7512986732839098,2.8017879257515355
2025-01-13,2.7165627713376836,2.777940576515954
2025-01-14,2.7645015646294158,2.7605305205787176
2025-01-15,2.757120675700083,2.799528894579525
2025-01-16,2.78928701616723,2.831681025599076
2025-01-17,2.8010603314732285,2.8335658836425655
2025-01-20,2.8149051155399936,2.848640514276968
2025-01-21,2.822708178022667,2.8544936024930596
2025-01-22,2.8366526085858257,2.873053887359886
2025-01-23,2.8366526085858257,2.873053887359886
2025-01-24,2.8366526085858257,2.873053887359886
2025-01-27,2.8366526085858257,2.873053887359886
2025-01-28,2.8366526085858257,2.873053887359886
2025-01-29,2.8366526085858257,2.873053887359886
2025-01-30,2.8366526085858257,2.873053887359886
2025-01-31,2.8366526085858257,2.873053887359886
2025-02-03,2.790983111813565,2.808348049377532
2025-02-04,2.775066389279768,2.8483113877787556
2025-02-05,2.8135850878707074,2.8442624132989187
2025-02-06,2.8328952323073526,2.8644480021421375
2025-02-07,2.836343395126896,2.870684948752286
2025-02-10,2.8316103941068653,2.8681141702682638
2025-02-11,2.845333014785187,2.8858954216602304
2025-02-12,2.853982560547382,2.895503413186179
2025-02-13,2.900603906583378,2.898023595884343
2025-02-14,2.9012588410327456,2.940920745623659
2025-02-17,2.932869107066433,2.955076961110779
2025-02-18,2.937155994767981,2.9744859050333208
2025-02-19,2.9384391278560305,2.9749985340042207
2025-02-20,2.9342342876464103,2.9862210741413198
2025-02-21,2.9661727423185185,2.9823624953186942
2025-02-24,2.95818688195063,2.982852871955077
2025-02-25,2.9468292352288876,2.9729893301949613
2025-02-26,2.957072299156042,2.978789071226807
2025-02-27,2.9194238457603485,2.998201949856613
2025-02-28,2.9194238457603485,2.998201949856613
2025-03-03,2.9027843268619633,2.9319481948678248
2025-03-04,2.8814905864557434,2.903890206186899
2025-03-05,2.9080249137325564,2.932345007978728
2025-03-06,2.897308073069737,2.9563117506046335
2025-03-07,2.8839864698082547,2.930027085522379
2025-03-10,2.8817596196228417,2.9349902491603976
2025-03-11,2.854908150337869,2.86880152682638
2025-03-12,2.8670901866872898,2.9000859260992176
2025-03-13,2.8400584430572473,2.9294911606740213
2025-03-14,2.8499071524975164,2.8960830839738008
2025-03-17,2.8684319389765585,2.9101674698113165
2025-03-18,2.895805466772663,2.925241999570164
2025-03-19,2.866302910549856,2.9392676809660214
2025-03-20,2.895001163015543,2.925855598474213
2025-03-21,2.881024445672126,2.9352611464051646
2025-03-24,2.860273346167251,2.9346739583228665
2025-03-25,2.8600386510998477,2.921979236701835
2025-03-26,2.8754454748890668,2.9125056534897866
2025-03-27,2.8626078785549263,2.8954378355539987
2025-03-28,2.8123830060057706,2.8843396601887985
2025-03-31,2.8123830060057706,2.8843396601887985
